Table Names;Generations;Distance_abs_avg_mean;Distance_abs_avg_median;Distance_abs_avg_std;Distance_abs_avg_iqr;Distance_abs_best_mean;Distance_abs_best_median;Distance_abs_best_std;Distance_abs_best_iqr;Distance_rel_avg_mean;Distance_rel_avg_median;Distance_rel_avg_std;Distance_rel_avg_iqr;Distance_rel_best_mean;Distance_rel_best_median;Distance_rel_best_std;Distance_rel_best_iqr;Plausibility_avg_mean;Plausibility_avg_median;Plausibility_avg_std;Plausibility_avg_iqr;Plausibility_best_mean;Plausibility_best_median;Plausibility_best_std;Plausibility_best_iqr;Correlation_avg_abs;Correlation_best_absolute;Frequency;Frequency_average;gen_count;Intersections;Intersections_average
final_results_TUMOR,xlsx/TUMOR_0#9_WORST_FGES_GFCI_RFCI;1;;;;;;;;;;;;;;;;;;;;;;;;;;;;;;;
final_results_TUMOR,xlsx/TUMOR_0#9_WORST_FGES_GFCI_RFCI;2;;;;;;;;;;;;;;;;;;;;;;;;;;;;;;;
final_results_TUMOR,xlsx/TUMOR_0#9_WORST_FGES_GFCI_RFCI;3;;;;;;;;;;;;;;;;;;;;;;;;;;;;;;;
final_results_TUMOR,xlsx/TUMOR_0#9_WORST_FGES_GFCI_RFCI;4;;;;;;;;;;;;;;;;;;;;;;;;;;;;;;;
final_results_TUMOR,xlsx/TUMOR_0#9_WORST_FGES_GFCI_RFCI;5;;;;;;;;;;;;;;;;;;;;;;;;;;;;;;;
final_results_TUMOR,xlsx/TUMOR_0#9_WORST_FGES_GFCI_RFCI;6;;;;;;;;;;;;;;;;;;;;;;;;;;;;;;;
final_results_TUMOR,xlsx/TUMOR_0#9_WORST_FGES_GFCI_RFCI;7;;;;;;;;;;;;;;;;;;;;;;;;;;;;;;;
final_results_TUMOR,xlsx/TUMOR_0#9_WORST_FGES_GFCI_RFCI;8;;;;;;;;;;;;;;;;;;;;;;;;;;;;;;;
final_results_TUMOR,xlsx/TUMOR_0#9_WORST_FGES_GFCI_RFCI;9;;;;;;;;;;;;;;;;;;;;;;;;;;;;;;;
final_results_TUMOR,xlsx/TUMOR_0#9_WORST_FGES_GFCI_RFCI;10;;;;;;;;;;;;;;;;;;;;;;;;;;;;;;;
final_results_TUMOR,xlsx/TUMOR_0#9_WORST_FGES_GFCI_RFCI;11;;;;;;;;;;;;;;;;;;;;;;;;;;;;;;;
final_results_TUMOR,xlsx/TUMOR_0#9_WORST_FGES_GFCI_RFCI;12;;;;;;;;;;;;;;;;;;;;;;;;;;;;;;;
final_results_TUMOR,xlsx/TUMOR_0#9_WORST_FGES_GFCI_RFCI;13;;;;;;;;;;;;;;;;;;;;;;;;;;;;;;;
final_results_TUMOR,xlsx/TUMOR_0#9_WORST_FGES_GFCI_RFCI;14;;;;;;;;;;;;;;;;;;;;;;;;;;;;;;;
final_results_TUMOR,xlsx/TUMOR_0#9_WORST_FGES_GFCI_RFCI;15;;;;;;;;;;;;;;;;;;;;;;;;;;;;;;;
final_results_TUMOR,xlsx/TUMOR_0#9_WORST_FGES_GFCI_RFCI;16;;;;;;;;;;;;;;;;;;;;;;;;;;;;;;;
final_results_TUMOR,xlsx/TUMOR_0#9_WORST_FGES_GFCI_RFCI;17;;;;;;;;;;;;;;;;;;;;;;;;;;;;;;;
final_results_TUMOR,xlsx/TUMOR_0#9_WORST_FGES_GFCI_RFCI;18;;;;;;;;;;;;;;;;;;;;;;;;;;;;;;;
final_results_TUMOR,xlsx/TUMOR_0#9_WORST_FGES_GFCI_RFCI;19;;;;;;;;;;;;;;;;;;;;;;;;;;;;;;;
final_results_TUMOR,xlsx/TUMOR_0#9_WORST_FGES_GFCI_RFCI;20;;;;;;;;;;;;;;;;;;;;;;;;;;;;;;;
final_results_TUMOR,xlsx/TUMOR_0#9_WORST_FGES_GFCI_RFCI;21;;;;;;;;;;;;;;;;;;;;;;;;;;;;;;;
final_results_TUMOR,xlsx/TUMOR_0#9_WORST_FGES_GFCI_RFCI;22;;;;;;;;;;;;;;;;;;;;;;;;;;;;;;;
final_results_TUMOR,xlsx/TUMOR_0#9_WORST_FGES_GFCI_RFCI;23;;;;;;;;;;;;;;;;;;;;;;;;;;;;;;;
final_results_TUMOR,xlsx/TUMOR_0#9_WORST_FGES_GFCI_RFCI;24;;;;;;;;;;;;;;;;;;;;;;;;;;;;;;;
final_results_TUMOR,xlsx/TUMOR_0#9_WORST_FGES_GFCI_RFCI;25;;;;;;;;;;;;;;;;;;;;;;;;;;;;;;;
final_results_TUMOR,xlsx/TUMOR_0#9_WORST_FGES_GFCI_RFCI;26;;;;;;;;;;;;;;;;;;;;;;;;;;;;;;;
final_results_TUMOR,xlsx/TUMOR_0#9_WORST_FGES_GFCI_RFCI;27;;;;;;;;;;;;;;;;;;;;;;;;;;;;;;;
final_results_TUMOR,xlsx/TUMOR_0#9_WORST_FGES_GFCI_RFCI;28;;;;;;;;;;;;;;;;;;;;;;;;;;;;;;;
final_results_TUMOR,xlsx/TUMOR_0#9_WORST_FGES_GFCI_RFCI;29;;;;;;;;;;;;;;;;;;;;;;;;;;;;;;;
final_results_TUMOR,xlsx/TUMOR_0#9_WORST_FGES_GFCI_RFCI;30;;;;;;;;;;;;;;;;;;;;;;;;;;;;;;;
final_results_TUMOR,xlsx/TUMOR_0#9_WORST_FGES_GFCI_RFCI;31;;;;;;;;;;;;;;;;;;;;;;;;;;;;;;;
final_results_TUMOR,xlsx/TUMOR_0#9_WORST_FGES_GFCI_RFCI;32;;;;;;;;;;;;;;;;;;;;;;;;;;;;;;;
final_results_TUMOR,xlsx/TUMOR_0#9_WORST_FGES_GFCI_RFCI;33;;;;;;;;;;;;;;;;;;;;;;;;;;;;;;;
final_results_TUMOR,xlsx/TUMOR_0#9_WORST_FGES_GFCI_RFCI;34;;;;;;;;;;;;;;;;;;;;;;;;;;;;;;;
final_results_TUMOR,xlsx/TUMOR_0#9_WORST_FGES_GFCI_RFCI;35;;;;;;;;;;;;;;;;;;;;;;;;;;;;;;;
final_results_TUMOR,xlsx/TUMOR_0#9_WORST_FGES_GFCI_RFCI;36;;;;;;;;;;;;;;;;;;;;;;;;;;;;;;;
final_results_TUMOR,xlsx/TUMOR_0#9_WORST_FGES_GFCI_RFCI;37;;;;;;;;;;;;;;;;;;;;;;;;;;;;;;;
final_results_TUMOR,xlsx/TUMOR_0#9_WORST_FGES_GFCI_RFCI;38;;;;;;;;;;;;;;;;;;;;;;;;;;;;;;;
final_results_TUMOR,xlsx/TUMOR_0#9_WORST_FGES_GFCI_RFCI;39;;;;;;;;;;;;;;;;;;;;;;;;;;;;;;;
final_results_TUMOR,xlsx/TUMOR_0#9_WORST_FGES_GFCI_RFCI;40;;;;;;;;;;;;;;;;;;;;;;;;;;;;;;;
final_results_TUMOR,xlsx/TUMOR_0#9_WORST_FGES_GFCI_RFCI;41;;;;;;;;;;;;;;;;;;;;;;;;;;;;;;;
final_results_TUMOR,xlsx/TUMOR_0#9_WORST_FGES_GFCI_RFCI;42;;;;;;;;;;;;;;;;;;;;;;;;;;;;;;;
final_results_TUMOR,xlsx/TUMOR_0#9_WORST_FGES_GFCI_RFCI;43;;;;;;;;;;;;;;;;;;;;;;;;;;;;;;;
final_results_TUMOR,xlsx/TUMOR_0#9_WORST_FGES_GFCI_RFCI;44;;;;;;;;;;;;;;;;;;;;;;;;;;;;;;;
final_results_TUMOR,xlsx/TUMOR_0#9_WORST_FGES_GFCI_RFCI;45;;;;;;;;;;;;;;;;;;;;;;;;;;;;;;;
final_results_TUMOR,xlsx/TUMOR_0#9_WORST_FGES_GFCI_RFCI;46;;;;;;;;;;;;;;;;;;;;;;;;;;;;;;;
final_results_TUMOR,xlsx/TUMOR_0#9_WORST_FGES_GFCI_RFCI;47;;;;;;;;;;;;;;;;;;;;;;;;;;;;;;;
final_results_TUMOR,xlsx/TUMOR_0#9_WORST_FGES_GFCI_RFCI;48;;;;;;;;;;;;;;;;;;;;;;;;;;;;;;;
final_results_TUMOR,xlsx/TUMOR_0#9_WORST_FGES_GFCI_RFCI;49;;;;;;;;;;;;;;;;;;;;;;;;;;;;;;;
final_results_TUMOR,xlsx/TUMOR_0#9_WORST_FGES_GFCI_RFCI;50;;;;;;;;;;;;;;;;;;;;;;;;;;;;;;;
final_results_TUMOR,xlsx/TUMOR_0#9_WORST_FGES_GFCI_RFCI;51;;;;;;;;;;;;;;;;;;;;;;;;;;;;;;;
final_results_TUMOR,xlsx/TUMOR_0#9_WORST_FGES_GFCI_RFCI;52;;;;;;;;;;;;;;;;;;;;;;;;;;;;;;;
final_results_TUMOR,xlsx/TUMOR_0#9_WORST_FGES_GFCI_RFCI;53;;;;;;;;;;;;;;;;;;;;;;;;;;;;;;;
final_results_TUMOR,xlsx/TUMOR_0#9_WORST_FGES_GFCI_RFCI;54;;;;;;;;;;;;;;;;;;;;;;;;;;;;;;;
final_results_TUMOR,xlsx/TUMOR_0#9_WORST_FGES_GFCI_RFCI;55;;;;;;;;;;;;;;;;;;;;;;;;;;;;;;;
final_results_TUMOR,xlsx/TUMOR_0#9_WORST_FGES_GFCI_RFCI;56;;;;;;;;;;;;;;;;;;;;;;;;;;;;;;;
final_results_TUMOR,xlsx/TUMOR_0#9_WORST_FGES_GFCI_RFCI;57;;;;;;;;;;;;;;;;;;;;;;;;;;;;;;;
final_results_TUMOR,xlsx/TUMOR_0#9_WORST_FGES_GFCI_RFCI;58;;;;;;;;;;;;;;;;;;;;;;;;;;;;;;;
final_results_TUMOR,xlsx/TUMOR_0#9_WORST_FGES_GFCI_RFCI;59;;;;;;;;;;;;;;;;;;;;;;;;;;;;;;;
final_results_TUMOR,xlsx/TUMOR_0#9_WORST_FGES_GFCI_RFCI;60;;;;;;;;;;;;;;;;;;;;;;;;;;;;;;;
final_results_TUMOR,xlsx/TUMOR_0#9_WORST_FGES_GFCI_RFCI;61;;;;;;;;;;;;;;;;;;;;;;;;;;;;;;;
final_results_TUMOR,xlsx/TUMOR_0#9_WORST_FGES_GFCI_RFCI;62;;;;;;;;;;;;;;;;;;;;;;;;;;;;;;;
final_results_TUMOR,xlsx/TUMOR_0#9_WORST_FGES_GFCI_RFCI;63;;;;;;;;;;;;;;;;;;;;;;;;;;;;;;;
final_results_TUMOR,xlsx/TUMOR_0#9_WORST_FGES_GFCI_RFCI;64;;;;;;;;;;;;;;;;;;;;;;;;;;;;;;;
final_results_TUMOR,xlsx/TUMOR_0#9_WORST_FGES_GFCI_RFCI;65;;;;;;;;;;;;;;;;;;;;;;;;;;;;;;;
final_results_TUMOR,xlsx/TUMOR_0#9_WORST_FGES_GFCI_RFCI;66;;;;;;;;;;;;;;;;;;;;;;;;;;;;;;;
final_results_TUMOR,xlsx/TUMOR_0#9_WORST_FGES_GFCI_RFCI;67;;;;;;;;;;;;;;;;;;;;;;;;;;;;;;;
final_results_TUMOR,xlsx/TUMOR_0#9_WORST_FGES_GFCI_RFCI;68;;;;;;;;;;;;;;;;;;;;;;;;;;;;;;;
final_results_TUMOR,xlsx/TUMOR_0#9_WORST_FGES_GFCI_RFCI;69;;;;;;;;;;;;;;;;;;;;;;;;;;;;;;;
final_results_TUMOR,xlsx/TUMOR_0#9_WORST_FGES_GFCI_RFCI;70;;;;;;;;;;;;;;;;;;;;;;;;;;;;;;;
final_results_TUMOR,xlsx/TUMOR_0#9_WORST_FGES_GFCI_RFCI;71;;;;;;;;;;;;;;;;;;;;;;;;;;;;;;;
final_results_TUMOR,xlsx/TUMOR_0#9_WORST_FGES_GFCI_RFCI;72;;;;;;;;;;;;;;;;;;;;;;;;;;;;;;;
final_results_TUMOR,xlsx/TUMOR_0#9_WORST_FGES_GFCI_RFCI;73;;;;;;;;;;;;;;;;;;;;;;;;;;;;;;;
final_results_TUMOR,xlsx/TUMOR_0#9_WORST_FGES_GFCI_RFCI;74;;;;;;;;;;;;;;;;;;;;;;;;;;;;;;;
final_results_TUMOR,xlsx/TUMOR_0#9_WORST_FGES_GFCI_RFCI;75;;;;;;;;;;;;;;;;;;;;;;;;;;;;;;;
final_results_TUMOR,xlsx/TUMOR_0#9_WORST_FGES_GFCI_RFCI;76;;;;;;;;;;;;;;;;;;;;;;;;;;;;;;;
final_results_TUMOR,xlsx/TUMOR_0#9_WORST_FGES_GFCI_RFCI;77;;;;;;;;;;;;;;;;;;;;;;;;;;;;;;;
final_results_TUMOR,xlsx/TUMOR_0#9_WORST_FGES_GFCI_RFCI;78;;;;;;;;;;;;;;;;;;;;;;;;;;;;;;;
final_results_TUMOR,xlsx/TUMOR_0#9_WORST_FGES_GFCI_RFCI;79;;;;;;;;;;;;;;;;;;;;;;;;;;;;;;;
final_results_TUMOR,xlsx/TUMOR_0#9_WORST_FGES_GFCI_RFCI;80;;;;;;;;;;;;;;;;;;;;;;;;;;;;;;;
final_results_TUMOR,xlsx/TUMOR_0#9_WORST_FGES_GFCI_RFCI;81;;;;;;;;;;;;;;;;;;;;;;;;;;;;;;;
final_results_TUMOR,xlsx/TUMOR_0#9_WORST_FGES_GFCI_RFCI;82;;;;;;;;;;;;;;;;;;;;;;;;;;;;;;;
final_results_TUMOR,xlsx/TUMOR_0#9_WORST_FGES_GFCI_RFCI;83;;;;;;;;;;;;;;;;;;;;;;;;;;;;;;;
final_results_TUMOR,xlsx/TUMOR_0#9_WORST_FGES_GFCI_RFCI;84;;;;;;;;;;;;;;;;;;;;;;;;;;;;;;;
final_results_TUMOR,xlsx/TUMOR_0#9_WORST_FGES_GFCI_RFCI;85;;;;;;;;;;;;;;;;;;;;;;;;;;;;;;;
final_results_TUMOR,xlsx/TUMOR_0#9_WORST_FGES_GFCI_RFCI;86;;;;;;;;;;;;;;;;;;;;;;;;;;;;;;;
final_results_TUMOR,xlsx/TUMOR_0#9_WORST_FGES_GFCI_RFCI;87;;;;;;;;;;;;;;;;;;;;;;;;;;;;;;;
final_results_TUMOR,xlsx/TUMOR_0#9_WORST_FGES_GFCI_RFCI;88;;;;;;;;;;;;;;;;;;;;;;;;;;;;;;;
final_results_TUMOR,xlsx/TUMOR_0#9_WORST_FGES_GFCI_RFCI;89;;;;;;;;;;;;;;;;;;;;;;;;;;;;;;;
final_results_TUMOR,xlsx/TUMOR_0#9_WORST_FGES_GFCI_RFCI;90;;;;;;;;;;;;;;;;;;;;;;;;;;;;;;;
final_results_TUMOR,xlsx/TUMOR_0#9_WORST_FGES_GFCI_RFCI;91;;;;;;;;;;;;;;;;;;;;;;;;;;;;;;;
final_results_TUMOR,xlsx/TUMOR_0#9_WORST_FGES_GFCI_RFCI;92;;;;;;;;;;;;;;;;;;;;;;;;;;;;;;;
final_results_TUMOR,xlsx/TUMOR_0#9_WORST_FGES_GFCI_RFCI;93;;;;;;;;;;;;;;;;;;;;;;;;;;;;;;;
final_results_TUMOR,xlsx/TUMOR_0#9_WORST_FGES_GFCI_RFCI;94;;;;;;;;;;;;;;;;;;;;;;;;;;;;;;;
final_results_TUMOR,xlsx/TUMOR_0#9_WORST_FGES_GFCI_RFCI;95;;;;;;;;;;;;;;;;;;;;;;;;;;;;;;;
final_results_TUMOR,xlsx/TUMOR_0#9_WORST_FGES_GFCI_RFCI;96;;;;;;;;;;;;;;;;;;;;;;;;;;;;;;;
final_results_TUMOR,xlsx/TUMOR_0#9_WORST_FGES_GFCI_RFCI;97;;;;;;;;;;;;;;;;;;;;;;;;;;;;;;;
final_results_TUMOR,xlsx/TUMOR_0#9_WORST_FGES_GFCI_RFCI;98;;;;;;;;;;;;;;;;;;;;;;;;;;;;;;;
final_results_TUMOR,xlsx/TUMOR_0#9_WORST_FGES_GFCI_RFCI;99;;;;;;;;;;;;;;;;;;;;;;;;;;;;;;;
final_results_TUMOR,xlsx/TUMOR_0#9_WORST_FGES_GFCI_RFCI;100;;;;;;;;;;;;;;;;;;;;;;;;;;;;;;;
final_results_TUMOR,xlsx/TUMOR_0#9_WORST_RAN;1;0,90962418300653558;0,90296410962045592;0,026424136314755382;0,050500945992431934;0,88701410388716828;0,88235294117647001;0,048079722666591468;0,044117647058823706;0,45876984126984077;0,45833333333333304;0,20998979916995486;0,29236111111111129;0,24999999999999978;0;0,32631500345752001;0,62499999999999944;;;;;;;;;;;;;;;
final_results_TUMOR,xlsx/TUMOR_0#9_WORST_RAN;2;0,9052063824230141;0,89883900928792504;0,030411936629222428;0,054466230936818905;0,87107747582463724;0,88235294117647001;0,063283755926629826;0,099071207430340924;0,47164902998236286;0,55555555555555503;0,24242874400773265;0,33333333333333298;0,33333333333333298;0,33333333333333298;0,33333333333333298;0,66666666666666596;;;;;;;;;;;;;;;
final_results_TUMOR,xlsx/TUMOR_0#9_WORST_RAN;3;0,91390513320337818;0,91795665634674894;0,027867242210112449;0,055555555555555913;0,92992011619462522;0,94117647058823495;0,025213806098263125;0,0032679738562090277;0,43518518518518484;0,66666666666666596;0,32749517007087736;0,66666666666666596;0,51851851851851793;0,66666666666666596;0,29397236789606551;0;;;;;;;;;;;;;;;
final_results_TUMOR,xlsx/TUMOR_0#9_WORST_RAN;4;0,89775642128196276;0,898052832244008;0,018894939231839002;0,015332960669648288;0,85858445132438876;0,86617647058823499;0,029561048624586968;0,040247678018575983;0,41661111111111043;0,41765873015872945;0,082180588851342912;0,073888888888889004;0;0;0;0;;;;;;;;;;;;;;;
final_results_TUMOR,xlsx/TUMOR_0#9_WORST_RAN;5;0,90222504791390201;0,899334733893557;0,026246791936655446;0,018808049535604332;0,8822884416924659;0,88235294117647001;0,036926250678893303;0,03692595459236292;0,44186507936507891;0,45833333333333298;0,17143553716496532;0,16617063492063477;0,23333333333333323;0;0,30631219449089359;0,5;;;;;;;;;;;;;;;
final_results_TUMOR,xlsx/TUMOR_0#9_WORST_RAN;6;0,90938848755876589;0,91084623323013403;0,014440366455257274;0,0059540190345137578;0,88273133814929405;0,88235294117647001;0,027763535575269633;0,0065359477124179444;0,47738095238095185;0,47222222222222199;0,12327091386445349;0,21408730158730183;0,22380952380952368;0;0,29251173332798569;0,5;;;;;;;;;;;;;;;
final_results_TUMOR,xlsx/TUMOR_0#9_WORST_RAN;7;0,92299836601307128;0,94117647058823495;0,023711291248500205;0,029616013071895986;0,92765068990559152;0,94117647058823495;0,02784710900035773;0;0,55740740740740702;0,66666666666666596;0,15570429396935023;0,21666666666666595;0,53333333333333288;0,66666666666666596;0,30550504633038905;0;;;;;;;;;;;;;;;
final_results_TUMOR,xlsx/TUMOR_0#9_WORST_RAN;8;0,89801423493373911;0,88235294117647001;0,029867129498295456;0,032679738562091942;0,90143427741466908;0,94117647058823495;0,055330050893909848;0,069444444444443976;0,39108087679516212;0,33333333333333298;0,16650457008581421;0,134013605442177;0,43386243386243345;0,66666666666666596;0,32684540130117423;0,66666666666666596;;;;;;;;;;;;;;;
final_results_TUMOR,xlsx/TUMOR_0#9_WORST_RAN;9;0,89811854891404208;0,89473684210526305;0,020315012426625572;0,029239766081871954;0,86683866529067721;0,88235294117647001;0,033391777604608583;0,046783625730993927;0,44034391534391532;0,5;0,17831374706126957;0,22619047619047605;0,2857142857142857;0,5;0,27199189663799667;0,5;;;;;;;;;;;;;;;
final_results_TUMOR,xlsx/TUMOR_0#9_WORST_RAN;10;0,89355912930474291;0,89701582387340895;0,029382116339263534;0,022875816993463971;0,88532469518021595;0,875;0,04640869946226063;0,099071207430340924;0,33111111111111075;0,33333333333333298;0,23273998632501422;0,27777777777777801;0,26666666666666644;0;0,3265986323710901;0,66666666666666596;;;;;;;;;;;;;;;
final_results_TUMOR,xlsx/TUMOR_0#9_WORST_RAN;11;0,90803602142611395;0,90292520516978703;0,020836679220347799;0,02723311546841034;0,88071895424836533;0,88562091503267903;0,047563710118999625;0,0065359477124179444;0,43757936507936462;0,49305555555555497;0,21839405877586771;0,29424603174603181;0,27333333333333321;0,20000000000000001;0,29847348249565869;0,5;;;;;;;;;;;;;;;
final_results_TUMOR,xlsx/TUMOR_0#9_WORST_RAN;12;0,90096311448555988;0,89944387111569757;0,024681279975316668;0,023901143790850177;0,86021438399921313;0,87867647058823506;0,052174346714287709;0,043175954592363008;0,49081240981240948;0,5;0,12442767151781428;0,22347402597402649;0,27121212121212113;0,25;0,28990514898606351;0,5;;;;;;;;;;;;;;;
final_results_TUMOR,xlsx/TUMOR_0#9_WORST_RAN;13;0,90514812357691565;0,90402476780185692;0,027461622751698143;0,031632082657624183;0,87631836945304387;0,88235294117647001;0,047440714125953902;0,031004901960783537;0,43936507936507896;0,48412698412698346;0,20931099234104983;0,22301587301587306;0,20666666666666647;0;0,28536309986652436;0,38333333333333325;;;;;;;;;;;;;;;
final_results_TUMOR,xlsx/TUMOR_0#9_WORST_RAN;14;0,90157993021770055;0,90274706373777502;0,021822583181733416;0,016189370485035992;0,8661411153155214;0,875;0,040202612358697355;0,046783625730993927;0,50430839002267536;0,5;0,099374379888904171;0,115079365079365;0,23756613756613745;0;0,29005086390719997;0,5;;;;;;;;;;;;;;;
final_results_TUMOR,xlsx/TUMOR_0#9_WORST_RAN;15;0,89662962325930984;0,890608875128998;0,024873213086416945;0,041394335511983016;0,86685873179681161;0,88235294117647001;0,035546362067269667;0,013888888888887951;0,3648148148148147;0,38888888888888801;0,26715450169850735;0,41111111111111104;0,26666666666666666;0,40000000000000002;0,25495097567963926;0,5;;;;;;;;;;;;;;;
final_results_TUMOR,xlsx/TUMOR_0#9_WORST_RAN;16;0,90075467979589452;0,90011538241027345;0,012073196310066325;0,012035334967320455;0,8546577227382175;0,84999999999999998;0,033836540315388491;0,040247678018575983;0,43742784992784961;0,45138888888888851;0,11391011034060489;0,12594696969696983;0,050000000000000003;0;0,15811388300841897;0;;;;;;;;;;;;;;;
final_results_TUMOR,xlsx/TUMOR_0#9_WORST_RAN;17;0,89915426843251856;0,88986354775828391;0,020507727599755825;0,017801857585139302;0,8642973856209144;0,87867647058823506;0,04537146556647742;0,055555555555554914;0,395972222222222;0,45000000000000001;0,22938537076199056;0,13611111111111168;0,14666666666666658;0;0,24705674861666291;0,30000000000000004;;;;;;;;;;;;;;;
final_results_TUMOR,xlsx/TUMOR_0#9_WORST_RAN;18;0,90429265565875439;0,903540305010893;0,021571853585667822;0,01353593337919945;0,86474458204334304;0,88235294117647001;0,057136061576601595;0,03692595459236292;0,4395634920634916;0,42361111111111049;0,15164212352535195;0,25595238095238149;0,1666666666666666;0;0,27216552697590857;0,375;;;;;;;;;;;;;;;
final_results_TUMOR,xlsx/TUMOR_0#9_WORST_RAN;19;0,9095361975199433;0,91159270725834152;0,029841164358808896;0,045002211410880233;0,87844857241141994;0,88235294117647001;0,05422344636212794;0,085999312005504147;0,49920634920634877;0,53888888888888853;0,17215251476580884;0,30634920634920598;0,32333333333333308;0,36666666666666647;0,29981475762358456;0,62499999999999944;;;;;;;;;;;;;;;
final_results_TUMOR,xlsx/TUMOR_0#9_WORST_RAN;20;0,91325812313229326;0,90650441463134901;0,017932377102291716;0,01996187363834423;0,87328799941028978;0,88235294117647001;0,051532367755356218;0,032023993808049434;0,47288744588744541;0,46388888888888846;0,15247953234122777;0,17256854256854326;0,18333333333333321;0;0,29865955679368;0,375;;;;;;;;;;;;;;;
final_results_TUMOR,xlsx/TUMOR_0#9_WORST_RAN;21;0,8955954360301619;0,90032679738562005;0,014447825838059754;0,021794682785394981;0,8805421778847986;0,88235294117647001;0,046414062751099855;0,013888888888887951;0,26569664902998202;0,29166666666666602;0,17503127882372727;0,14444444444444399;0,148148148148148;0;0,29397236789606535;0;;;;;;;;;;;;;;;
final_results_TUMOR,xlsx/TUMOR_0#9_WORST_RAN;22;0,90998982341474566;0,91176470588235259;0,016817436788831377;0,020070447769751421;0,88286721706226301;0,88235294117647001;0,02649995978814226;0,004901960784313486;0,40396825396825353;0,39484126984126899;0,25293827740939145;0,31249999999999972;0,24999999999999978;0;0,32631500345752001;0,62499999999999944;;;;;;;;;;;;;;;
final_results_TUMOR,xlsx/TUMOR_0#9_WORST_RAN;23;0,89600578925527297;0,89916764951594652;0,022483759235518364;0,024476598631655078;0,86370349894343657;0,87867647058823506;0,026266399728411459;0,038273993808049522;0,36361300075585762;0,36666666666666647;0,11518300105970129;0,15317460317460324;0;0;0;0;;;;;;;;;;;;;;;
final_results_TUMOR,xlsx/TUMOR_0#9_WORST_RAN;24;0,91536836371975649;0,91497534686389148;0,030255178102101137;0,039781131750946219;0,89564671482628067;0,88888888888888795;0,044715568813859088;0,083088235294117463;0,55662698412698364;0,59603174603174602;0,14295215951449283;0,1800595238095235;0,42380952380952353;0,53571428571428548;0,29965967090575724;0,54166666666666596;;;;;;;;;;;;;;;
final_results_TUMOR,xlsx/TUMOR_0#9_WORST_RAN;25;0,90763025483097692;0,90571895424836601;0,031996643643422813;0,052287581699346997;0,90831517792302074;0,88888888888888795;0,031559585569917947;0,058823529411764941;0,49938271604938234;0,5;0,15321766078851165;0,26666666666666594;0,41851851851851823;0,59999999999999998;0,31846468106592229;0,66666666666666596;;;;;;;;;;;;;;;
final_results_TUMOR,xlsx/TUMOR_0#9_WORST_RAN;26;0,9100654168099982;0,90541150670794601;0,028058331250741197;0,049410403050108909;0,87276745786033683;0,875;0,058054433068558821;0,096233230134158965;0,52083333333333282;0,59027777777777746;0,21044913268664145;0,16944444444444445;0,39666666666666639;0,45000000000000001;0,29332070679895222;0,56666666666666599;;;;;;;;;;;;;;;
final_results_TUMOR,xlsx/TUMOR_0#9_WORST_RAN;27;0,89888929499675074;0,90022467320261401;0,022935322510090679;0,013699212628521584;0,87487530099759125;0,88235294117647001;0,017701547685849653;0,0055147058823524775;0,37267195767195738;0,36666666666666647;0,13315585981296113;0,2291666666666668;0,089999999999999997;0;0,19119507199599983;0;;;;;;;;;;;;;;;
final_results_TUMOR,xlsx/TUMOR_0#9_WORST_RAN;28;0,90869051714252913;0,903422772617819;0,026165804986664824;0,058823529411764941;0,90358903795436241;0,94117647058823495;0,053056462692570291;0,052287581699346997;0,51640211640211597;0,59999999999999998;0,22298621505331759;0,15238095238095195;0,48148148148148118;0,66666666666666596;0,28191365458589462;0,16666666666666596;;;;;;;;;;;;;;;
final_results_TUMOR,xlsx/TUMOR_0#9_WORST_RAN;29;0,91572276688453103;0,92012097236555401;0,022499982458280665;0,031319516110537737;0,88420880632954879;0,88562091503267903;0,044067741056370492;0,0065359477124179444;0,49999999999999956;0,47222222222222199;0,1711936629469567;0,22500000000000053;0,24666666666666659;0;0,32930904093942576;0,5;;;;;;;;;;;;;;;
final_results_TUMOR,xlsx/TUMOR_0#9_WORST_RAN;30;0,89767948261175801;0,89950227898176793;0,016331411397383817;0,019988441282946301;0,85096319229446105;0,86222910216718196;0,041415869443059743;0,046826625386996779;0,43816326530612226;0,47857142857142854;0,19900252789491354;0,20378401360544246;0,15666666666666659;0;0,26012817353502216;0,30000000000000004;;;;;;;;;;;;;;;
final_results_TUMOR,xlsx/TUMOR_0#9_WORST_RAN;31;0,89485381457208035;0,8967317655398146;0,017974900546618326;0,022632725604861625;0,84325512980311679;0,84605263157894695;0,040012291842405463;0,064648586707410249;0,48321645021644982;0,49810606060606055;0,12829047296883964;0,17569444444444482;0,17333333333333328;0;0,22868383479445217;0,38333333333333325;;;;;;;;;;;;;;;
final_results_TUMOR,xlsx/TUMOR_0#9_WORST_RAN;32;0,89604910560715467;0,9055830753353965;0,044685897009243247;0,033435457516339584;0,87102683178534512;0,87867647058823506;0,052764248509029679;0,03692595459236292;0,42920634920634881;0,4388888888888885;0,20943320150828962;0,27738095238095223;0,2571428571428569;0,16666666666666649;0,29371513666591409;0,51190476190476142;;;;;;;;;;;;;;;
final_results_TUMOR,xlsx/TUMOR_0#9_WORST_RAN;33;0,8980143065998325;0,90124821858567949;0,022400898242681818;0,019505360623781942;0,86023956951201475;0,85357142857142843;0,040168653046205906;0,040247678018575983;0,43174603174603143;0,452380952380952;0,21837658893090262;0,32539682539682546;0,24047619047619029;0;0,31395886483465296;0,55357142857142816;;;;;;;;;;;;;;;
final_results_TUMOR,xlsx/TUMOR_0#9_WORST_RAN;34;0,9035701181057213;0,90457516339869248;0,014189823626950907;0,019091847265221285;0,87266941864465031;0,875;0,017008969157832201;0,007352941176470007;0,37789682539682501;0,34999999999999948;0,13812362238447348;0,12896825396825401;0,089999999999999997;0;0,19119507199599983;0;;;;;;;;;;;;;;;
final_results_TUMOR,xlsx/TUMOR_0#9_WORST_RAN;35;0,90433532087298807;0,89473684210526305;0,024213825405970144;0,032679738562091942;0,90692963345182087;0,89473684210526305;0,040242940835615727;0,062091503267973969;0,41865079365079327;0,58333333333333304;0,28571428571428537;0,5;0,46296296296296269;0,5;0,27357938338322479;0,16666666666666596;;;;;;;;;;;;;;;
final_results_TUMOR,xlsx/TUMOR_0#9_WORST_RAN;36;0,90325920192638431;0,89756191950464359;0,021583993808603916;0,024133986928104756;0,87080065359477066;0,88235294117647001;0,038746133600425343;0,026102941176470051;0,40506349206349174;0,4172619047619045;0,18302743209778874;0,16944444444444451;0,1066666666666666;0;0,23349200953891;0;;;;;;;;;;;;;;;
final_results_TUMOR,xlsx/TUMOR_0#9_WORST_RAN;37;0,90752773477812132;0,91176470588235203;0,016148055420789769;0,016101758685930445;0,87874957000343945;0,88235294117647001;0,014119505225764705;0,0055147058823524775;0,36726190476190451;0,33333333333333298;0,17329165620524026;0,13690476190476225;0,066666666666666596;0;0,21081851067789176;0;;;;;;;;;;;;;;;
final_results_TUMOR,xlsx/TUMOR_0#9_WORST_RAN;38;0,92226713297404694;0,92892156862745101;0,021573315146136279;0,029411764705882915;0,89454573252302816;0,88888888888888795;0,054786991750666196;0,058823529411764941;0,53611111111111065;0,65833333333333299;0,16115899671511449;0,33333333333333298;0,36666666666666647;0,5;0,35590260840104354;0,66666666666666596;;;;;;;;;;;;;;;
final_results_TUMOR,xlsx/TUMOR_0#9_WORST_RAN;39;0,91307717823971668;0,91503267973856151;0,014685133643071918;0,01668755221386764;0,88017285861713046;0,88235294117647001;0,036850234386093549;0,0065359477124179444;0,47297619047619011;0,452380952380952;0,12262246503573823;0,11597222222222225;0,1666666666666666;0;0,27216552697590857;0,375;;;;;;;;;;;;;;;
final_results_TUMOR,xlsx/TUMOR_0#9_WORST_RAN;40;0,9100356897144819;0,90866514734548742;0,016682065558574675;0,018792999656002674;0,88199604403164711;0,88235294117647001;0,027871827671341439;0,012050653594770422;0,4214682539682536;0,45555555555555494;0,22535338544187425;0,28273809523809551;0,2566666666666666;0,20000000000000001;0,27802211476121141;0,5;;;;;;;;;;;;;;;
final_results_TUMOR,xlsx/TUMOR_0#9_WORST_RAN;41;0,91489964955280301;0,9124795751633985;0,023709337833256645;0,048998108015136155;0,92759395424836544;0,94117647058823495;0,028459187363846054;0,016339869281045805;0,56101190476190432;0,60119047619047605;0,12573681448825813;0,1607142857142857;0,56249999999999956;0,66666666666666596;0,23464765886222616;0,041666666666666519;;;;;;;;;;;;;;;
final_results_TUMOR,xlsx/TUMOR_0#9_WORST_RAN;42;0,90684291406621076;0,90985838779956407;0,018886130813254222;0,025793727578751313;0,85191778465772239;0,88235294117647001;0,071638249378279117;0,007352941176470007;0,39027777777777739;0,3749999999999995;0,12870869960993805;0,15277777777777801;0,050000000000000003;0;0,15811388300841897;0;;;;;;;;;;;;;;;
final_results_TUMOR,xlsx/TUMOR_0#9_WORST_RAN;43;0,90952055383556885;0,90838117045063593;0,016979396646742126;0,015388770639834792;0,88040333677330529;0,87867647058823506;0,027348711223497524;0,012254901960783493;0,43153769841269812;0,409474206349206;0,15348283828111026;0,14880952380952428;0,1666666666666666;0;0,27216552697590857;0,375;;;;;;;;;;;;;;;
final_results_TUMOR,xlsx/TUMOR_0#9_WORST_RAN;44;0,90707043343653204;0,91156045751633952;0,032135701134989585;0,038415176011926011;0,87248796009631879;0,88235294117647001;0,050632071462318753;0,03692595459236292;0,40833333333333288;0,40833333333333299;0,18040592090143931;0,21666666666666723;0,13333333333333319;0;0,28109134757052234;0;;;;;;;;;;;;;;;
final_results_TUMOR,xlsx/TUMOR_0#9_WORST_RAN;45;0,91346558116423893;0,91339869281045705;0,025279218647891257;0,052287581699346997;0,92265795206971624;0,94117647058823495;0,028676354207163957;0,052287581699346997;0,49933862433862397;0,5;0,17144625312986594;0,33333333333333298;0,49999999999999961;0,66666666666666596;0,28867513459481259;0,16666666666666596;;;;;;;;;;;;;;;
final_results_TUMOR,xlsx/TUMOR_0#9_WORST_RAN;46;0,89517171195963741;0,907413140694874;0,041491224264611694;0,010719097580553227;0,85597265221878183;0,85855263157894701;0,046488783325121345;0,046826625386996779;0,46757936507936471;0,5;0,12593843725362058;0,10803571428571479;0,18999999999999989;0;0,25917723570208234;0,38333333333333325;;;;;;;;;;;;;;;
final_results_TUMOR,xlsx/TUMOR_0#9_WORST_RAN;47;0,88680685578324847;0,89208724425442654;0,040440346604583483;0,024900102584893724;0,8583536045997342;0,86607142857142849;0,045805147761425719;0,040247678018575983;0,43993506493506462;0,48214285714285698;0,20957020737859167;0,13293650793650824;0,2666666666666665;0,16666666666666649;0,29606472432164926;0,5;;;;;;;;;;;;;;;
final_results_TUMOR,xlsx/TUMOR_0#9_WORST_RAN;48;0,90669604976493479;0,90413943355119797;0,031471240899684949;0,040508900928792668;0,88947196422428565;0,88562091503267903;0,041397682004600235;0,070016339869280686;0,48710317460317415;0,577380952380952;0,21447393996629549;0,25000000000000028;0,35714285714285687;0,5;0,31346694695446792;0,64285714285714224;;;;;;;;;;;;;;;
final_results_TUMOR,xlsx/TUMOR_0#9_WORST_RAN;49;0,91625436139367955;0,91748366013071858;0,023675297689835898;0,043696864710797034;0,89136566907464676;0,88235294117647001;0,045015559264115546;0,045751633986928164;0,44654761904761864;0,45138888888888851;0,21311277142389004;0,28293650793650771;0,19999999999999979;0;0,322030594359765;0,49999999999999944;;;;;;;;;;;;;;;
final_results_TUMOR,xlsx/TUMOR_0#9_WORST_RAN;50;0,91925381263616524;0,91795665634674894;0,023328407612307932;0,046439628482971895;0,92992011619462545;0,94444444444444398;0,039927871041636885;0,0032679738562090277;0,58148148148148104;0,66666666666666596;0,12786832540537685;0,083333333333332926;0,592592592592592;0,66666666666666596;0,22222222222222221;0;;;;;;;;;;;;;;;
final_results_TUMOR,xlsx/TUMOR_0#9_WORST_RAN;51;0,90944557062591058;0,90151645453503004;0,025498837207277584;0,040183485674971653;0,87753697970416167;0,88562091503267903;0,05908235492714841;0,075937392500860179;0,474801587301587;0,4613095238095235;0,16427178859603503;0,29365079365079316;0,26666666666666639;0,16666666666666649;0,30631219449089353;0,5833333333333327;;;;;;;;;;;;;;;
final_results_TUMOR,xlsx/TUMOR_0#9_WORST_RAN;52;0,91329497559257578;0,90758836429308498;0,024911061313089167;0,048302987861811753;0,88720588235294073;0,88235294117647001;0,042803946712851405;0,071854575163398215;0,4642063492063489;0,51269841269841243;0,21996155795876635;0,28055555555555517;0,19999999999999979;0;0,322030594359765;0,49999999999999944;;;;;;;;;;;;;;;
final_results_TUMOR,xlsx/TUMOR_0#9_WORST_RAN;53;0,90978350697003907;0,90907456549871357;0,023311408344526746;0,034454651743739073;0,87756965944272403;0,88235294117647001;0,04470242616665928;0,024264705882352522;0,50345238095238065;0,50992063492063444;0,14421338987645282;0,20128968253968305;0,23333333333333323;0;0,30631219449089359;0,5;;;;;;;;;;;;;;;
final_results_TUMOR,xlsx/TUMOR_0#9_WORST_RAN;54;0,89299900076989824;0,89789015021213148;0,029470643800718198;0,049552803577571081;0,85439456484348075;0,875;0,041067874694489664;0,040247678018575983;0,45563492063492034;0,5166666666666665;0,20001415433802713;0,1359126984126986;0,28095238095238079;0,33333333333333298;0,25515595298298555;0,5;;;;;;;;;;;;;;;
final_results_TUMOR,xlsx/TUMOR_0#9_WORST_RAN;55;0,88745270037839641;0,88888888888888795;0,024155246496935647;0,0065359477124179444;0,91426633031380133;0,94117647058823495;0,034315392749079;0,052287581699346997;0,54867724867724832;0,53571428571428503;0,076014595275416139;0,083333333333333037;0,637566137566137;0,66666666666666596;0,06044264369733237;0;;;;;;;;;;;;;;;
final_results_TUMOR,xlsx/TUMOR_0#9_WORST_RAN;56;0,90819299064655057;0,90444247874588357;0,021102763030380632;0,026399638802889203;0,89275332940193564;0,88235294117647001;0,027334203579946328;0,010921912624699215;0,41540404040404011;0,41666666666666652;0,2185182591190295;0,30303030303030348;0,23333333333333323;0;0,30631219449089359;0,5;;;;;;;;;;;;;;;
final_results_TUMOR,xlsx/TUMOR_0#9_WORST_RAN;57;0,89789481725704601;0,89428104575163347;0,023037019460571219;0,032399933657673796;0,85641828501735551;0,85855263157894701;0,048907125407069402;0,064726209463050965;0,47426303854875246;0,51020408163265296;0,1493950507653882;0,18650793650793651;0,21666666666666662;0;0,2838231060987732;0,5;;;;;;;;;;;;;;;
final_results_TUMOR,xlsx/TUMOR_0#9_WORST_RAN;58;0,90754357298474886;0,91176470588235203;0,023466350680302547;0,027777777777778012;0,93572984749455279;0,94117647058823495;0,017598577801093342;0;0,52116402116402083;0,57142857142857095;0,13426251722791391;0,083333333333333037;0,66534391534391479;0,66666666666666596;0,044719951069780439;0;;;;;;;;;;;;;;;
final_results_TUMOR,xlsx/TUMOR_0#9_WORST_RAN;59;0,8999044588595666;0,90424836601307101;0,02368939805043371;0,022875816993464082;0,89638707334785728;0,88888888888888795;0,050970600678796725;0,066176470588234948;0,42566137566137541;0,46666666666666601;0,10313796663329031;0,16666666666666702;0,37460317460317438;0,57142857142857095;0,36002015564639595;0,66666666666666596;;;;;;;;;;;;;;;
final_results_TUMOR,xlsx/TUMOR_0#9_WORST_RAN;60;0,89844025914459302;0,892318541451668;0,015906975344395825;0,018817939456484023;0,85549105607155074;0,85855263157894701;0,035154275487823218;0,040247678018575983;0,42807936507936467;0,46428571428571352;0,12601931644313125;0,15111111111111125;0,057142857142857093;0;0,1807015805810501;0;;;;;;;;;;;;;;;
final_results_TUMOR,xlsx/TUMOR_0#9_WORST_RAN;61;0,90311699728624339;0,89869281045751603;0,029098382582823292;0,043343653250773939;0,89886480908152677;0,89473684210526305;0,045580284409707489;0,058823529411764941;0,4805996472663136;0,5;0,15934212938244241;0,27777777777777807;0,35185185185185158;0,5;0,33793125168323407;0,66666666666666596;;;;;;;;;;;;;;;
final_results_TUMOR,xlsx/TUMOR_0#9_WORST_RAN;62;0,90797520762691009;0,91615067079463341;0,032586634883779705;0,036015795206971957;0,87143532851737127;0,88235294117647001;0,052385584589014586;0,03692595459236292;0,47879818594104268;0,4999999999999995;0,16543980374723991;0,27641723356009018;0,1904761904761903;0;0,30778919729627457;0,42857142857142821;;;;;;;;;;;;;;;
final_results_TUMOR,xlsx/TUMOR_0#9_WORST_RAN;63;0,90798577325667063;0,91176470588235203;0,029682105755984452;0,047476227333038468;0,88543601651186754;0,88235294117647001;0,043160365741106127;0,076141640866873139;0,47392857142857103;0,44523809523809499;0,15530272821097085;0,3002976190476187;0,2799999999999998;0,20000000000000001;0,31079348865861467;0,59999999999999942;;;;;;;;;;;;;;;
final_results_TUMOR,xlsx/TUMOR_0#9_WORST_RAN;64;0,90486835734943705;0,90170278637770895;0,016558755302091423;0,017020697167756005;0,87765164545350227;0,88235294117647001;0,057844175476945717;0,099071207430340924;0,42932098765432081;0,476190476190476;0,19375062931615003;0,16666666666666702;0,27777777777777757;0;0,33333333333333304;0,66666666666666596;;;;;;;;;;;;;;;
final_results_TUMOR,xlsx/TUMOR_0#9_WORST_RAN;65;0,89796659404502477;0,88888888888888795;0,015549131180414226;0,026143790849672999;0,91575889615105255;0,94117647058823495;0,030207896784013338;0,058823529411764941;0,26851851851851838;0,33333333333333298;0,26859832785852372;0,5;0,4259259259259256;0,66666666666666596;0,32394177193584967;0,66666666666666596;;;;;;;;;;;;;;;
final_results_TUMOR,xlsx/TUMOR_0#9_WORST_RAN;66;0,90100620628368255;0,90134803921568607;0,014065162956100358;0,013562951496387976;0,85489164086687253;0,86250000000000004;0,033722677304004377;0,038409442724458454;0,4745714285714282;0,44801587301587248;0,094156908199070022;0,15972222222222276;0,1333333333333333;0;0,21942686286812774;0,24999999999999972;;;;;;;;;;;;;;;
final_results_TUMOR,xlsx/TUMOR_0#9_WORST_RAN;67;0,89627229839304101;0,90155228758169903;0,019947368039158215;0,027759349353776885;0,8660027519779836;0,875;0,021627317530953479;0,038273993808049522;0,35718253968253932;0,35059523809523752;0,17648124651500552;0,18670634920634954;0,10000000000000001;0;0,21081851067789195;0;;;;;;;;;;;;;;;
final_results_TUMOR,xlsx/TUMOR_0#9_WORST_RAN;68;0,89040355177158548;0,88144994840041258;0,029854986618017488;0,044945390436876731;0,84105607155142703;0,83771929824561353;0,05745248674068118;0,092879256965944013;0,42746031746031682;0,44642857142857101;0,20890065528152343;0,35297619047619005;0,2238095238095236;0;0,30287943746764218;0,51190476190476142;;;;;;;;;;;;;;;
final_results_TUMOR,xlsx/TUMOR_0#9_WORST_RAN;69;0,9020954592363255;0,89929738562091455;0,026930212799335954;0,027886710239651502;0,87349157206742289;0,88235294117647001;0,048510697281862407;0,032352941176470029;0,37551587301587264;0,36666666666666647;0,20168605411452759;0,10267857142857123;0,13333333333333319;0;0,28109134757052234;0;;;;;;;;;;;;;;;
final_results_TUMOR,xlsx/TUMOR_0#9_WORST_RAN;70;0,90781018518518497;0,90342320261437903;0,018243028340273533;0,02488766339869275;0,88233660130718905;0,88235294117647001;0,025150952084968221;0,010416666666665964;0,37293650793650768;0,41269841269841245;0,24052819269981865;0,32797619047619075;0,1666666666666666;0;0,27216552697590857;0,375;;;;;;;;;;;;;;;
final_results_TUMOR,xlsx/TUMOR_0#9_WORST_RAN;71;0,91429967893590136;0,90686274509803844;0,022412295736568479;0,039757481940144945;0,87808737530099701;0,88235294117647001;0,052560070374577765;0,084365325077399689;0,49223015873015818;0,48888888888888848;0,16087085782271288;0,25273809523809554;0,19999999999999979;0;0,322030594359765;0,49999999999999944;;;;;;;;;;;;;;;
final_results_TUMOR,xlsx/TUMOR_0#9_WORST_RAN;72;0,89595405998656741;0,89372225498386459;0,02046414560583025;0,024737702098382996;0,83691778465772215;0,84210526315789402;0,048330417163133077;0,082352941176469963;0,39912698412698377;0,422222222222222;0,13923348533622767;0,15625000000000033;0,050000000000000003;0;0,15811388300841897;0;;;;;;;;;;;;;;;
final_results_TUMOR,xlsx/TUMOR_0#9_WORST_RAN;73;0,85563923425120469;0,88235294117647001;0,069656315045294431;0,083244876898126985;0,85314866687415658;0,88235294117647001;0,095829867437355026;0,16339869281045794;0,41594860166288711;0,452380952380952;0,14502878906905201;0,16666666666666702;0,44444444444444414;0,5;0,27638539919628291;0,33333333333333298;;;;;;;;;;;;;;;
final_results_TUMOR,xlsx/TUMOR_0#9_WORST_RAN;74;0,90325352187658647;0,90489551083591291;0,024378659126101869;0,028537694317493312;0,86169848641210822;0,86250000000000004;0,041718840553712638;0,040247678018575983;0,4456037414965982;0,37767857142857097;0,13799089616195181;0,20408163265306095;0,13333333333333319;0;0,28109134757052234;0;;;;;;;;;;;;;;;
final_results_TUMOR,xlsx/TUMOR_0#9_WORST_RAN;75;0,89575221960129026;0,8988411592707255;0,02879155248923675;0,031394048847608547;0,85372327878519805;0,875;0,050405484761769301;0,079971988795517701;0,41432539682539637;0,39047619047618998;0,19749580473148617;0,21527777777777773;0,1666666666666666;0;0,27216552697590857;0,375;;;;;;;;;;;;;;;
final_results_TUMOR,xlsx/TUMOR_0#9_WORST_RAN;76;0,90074287479774184;0,90032679738562005;0,028942741590886768;0,020019206513014032;0,86155830753353912;0,84210526315789402;0,051261300799496687;0,040247678018575983;0,48809523809523753;0,48095238095238102;0,16386330462513785;0,27738095238095206;0,26719576719576699;0;0,3207174182726466;0,57142857142857095;;;;;;;;;;;;;;;
final_results_TUMOR,xlsx/TUMOR_0#9_WORST_RAN;77;0,89782966402935394;0,8912682031877075;0,028495445013193201;0,038850189198486595;0,8678001375988984;0,88235294117647001;0,043011926888800067;0,043175954592363008;0,47365079365079332;0,51111111111111107;0,18331665025599547;0,22817460317460331;0,30666666666666653;0,36666666666666647;0,28275540186519954;0,5;;;;;;;;;;;;;;;
final_results_TUMOR,xlsx/TUMOR_0#9_WORST_RAN;78;0,90694524073437011;0,91503267973856195;0,034785510235163609;0,052545579635362993;0,89072354087833916;0,88888888888888795;0,058982049927600241;0,10233918128654995;0,43994708994708948;0,38928571428571401;0,18780126129506186;0,33333333333333298;0,296296296296296;0;0,35136418446315287;0,66666666666666596;;;;;;;;;;;;;;;
final_results_TUMOR,xlsx/TUMOR_0#9_WORST_RAN;79;0,90658152734778064;0,90326797385620849;0,019612700763246858;0,030985552115583181;0,88273133814929405;0,88235294117647001;0,027763535575269629;0,0065359477124179444;0,48555555555555535;0,54047619047619055;0,21014977841834276;0,13511904761904769;0,34047619047619027;0,5;0,29929159663036803;0,55357142857142816;;;;;;;;;;;;;;;
final_results_TUMOR,xlsx/TUMOR_0#9_WORST_RAN;80;0,89932612372434306;0,89419934640522802;0,019215894067524514;0,02181336715972948;0,87974974200206346;0,87867647058823506;0,027201087706292926;0,007352941176470007;0,35496031746031709;0,38888888888888801;0,2574042296578673;0,42708333333333326;0,1904761904761903;0;0,30778919729627457;0,42857142857142821;;;;;;;;;;;;;;;
final_results_TUMOR,xlsx/TUMOR_0#9_WORST_RAN;81;0,90799385104919139;0,90784027061116845;0,026150094204613242;0,013131915778006542;0,8848856209150322;0,88235294117647001;0,03621174983262529;0,012050653594770422;0,43230158730158685;0,4388888888888885;0,20030073481577335;0,19742063492063472;0,22333333333333322;0;0,29816310061424622;0,47499999999999998;;;;;;;;;;;;;;;
final_results_TUMOR,xlsx/TUMOR_0#9_WORST_RAN;82;0,91222541648238187;0,91324696545284745;0,026201117893251861;0,043085655314757165;0,88565961472308152;0,88235294117647001;0,043995522034416056;0,076141640866873139;0,50498412698412676;0,53968253968253954;0,17503087267221978;0,28492063492063446;0,30714285714285694;0,25;0,32770186291801778;0,64285714285714224;;;;;;;;;;;;;;;
final_results_TUMOR,xlsx/TUMOR_0#9_WORST_RAN;83;0,89400082723147689;0,893164774681802;0,029046346860475133;0,027074119121332174;0,85267371861025043;0,84210526315789402;0,045309831055654594;0,052341331269350255;0,4168140589569157;0,37380952380952348;0,16015366132876796;0,27457482993197252;0,1666666666666666;0;0,27216552697590857;0,375;;;;;;;;;;;;;;;
final_results_TUMOR,xlsx/TUMOR_0#9_WORST_RAN;84;0,91158597064556746;0,90767973856209094;0,021429393794929072;0,027611870771700464;0,88576281389748834;0,88235294117647001;0,034906929291575642;0,012050653594770422;0,42948412698412664;0,41825396825396799;0,22743062130845135;0,35069444444444448;0,24999999999999983;0;0,32631500345751996;0,62499999999999944;;;;;;;;;;;;;;;
final_results_TUMOR,xlsx/TUMOR_0#9_WORST_RAN;85;0,92176656237543697;0,91339869281045705;0,017818393352520084;0,029411764705882915;0,91295777570287329;0,94117647058823495;0,035876485444872264;0,058823529411764941;0,5007575757575754;0,51515151515151503;0,14566154777901177;0,33333333333333298;0,37037037037037002;0,66666666666666596;0,35136418446315293;0,66666666666666596;;;;;;;;;;;;;;;
final_results_TUMOR,xlsx/TUMOR_0#9_WORST_RAN;86;0,91296781578128283;0,91748151014791846;0,021088394745903436;0,017701525054466094;0,87205833210477102;0,88888888888888795;0,037987722687137404;0,044809941520467467;0,54749999999999954;0,58055555555555505;0,090669764535010106;0,15902777777777827;0,3138095238095237;0,45000000000000001;0,27813084138260069;0,5;;;;;;;;;;;;;;;
final_results_TUMOR,xlsx/TUMOR_0#9_WORST_RAN;87;0,92030786161118072;0,92374727668845302;0,032734701266687809;0,023219814241486003;0,90721629782517255;0,94117647058823495;0,068555753421691262;0,055555555555556024;0,59091710758377392;0,61904761904761896;0,1097687558197059;0,083333333333332926;0,49999999999999961;0,66666666666666596;0,28867513459481259;0,16666666666666596;;;;;;;;;;;;;;;
final_results_TUMOR,xlsx/TUMOR_0#9_WORST_RAN;88;0,90338150728127453;0,90504063467492202;0,023320404999521181;0,030108359133127038;0,86934554523563767;0,87867647058823506;0,040946452175024482;0,043175954592363008;0,48261904761904734;0,5;0,18757059643508708;0,26666666666666622;0,29761904761904739;0,25;0,31731147304291724;0,57142857142857095;;;;;;;;;;;;;;;
final_results_TUMOR,xlsx/TUMOR_0#9_WORST_RAN;89;0,90038255360623742;0,90141612200435706;0,019600427279728563;0,026123366013071636;0,87275111799105554;0,88235294117647001;0,020474148825796182;0,026102941176470051;0,42666666666666631;0,49702380952380898;0,2583812337573142;0,29513888888888951;0,27380952380952372;0,25;0,29273774827790444;0,5;;;;;;;;;;;;;;;
final_results_TUMOR,xlsx/TUMOR_0#9_WORST_RAN;90;0,89675187765164499;0,89255460956312349;0,032821975449433778;0,026990346577227986;0,86687994496043985;0,86250000000000004;0,048849786709510873;0,038409442724458454;0,42146825396825349;0,40773809523809501;0,18153512114728787;0,21607142857142825;0,1733333333333332;0;0,28837561240014792;0,30000000000000004;;;;;;;;;;;;;;;
final_results_TUMOR,xlsx/TUMOR_0#9_WORST_RAN;91;0,8961467353023076;0,8965141612200429;0,016025018012326468;0,022698801742919494;0,86547987616098998;0,88235294117647001;0,026633382028862201;0,045149638802889469;0,37646825396825367;0,419047619047619;0,17063943741202131;0,17013888888888945;0,10000000000000001;0;0,21081851067789195;0;;;;;;;;;;;;;;;
final_results_TUMOR,xlsx/TUMOR_0#9_WORST_RAN;92;0,90610079119366982;0,90849673202614345;0,021046766789352044;0,025120399036807517;0,87131922944616402;0,87867647058823506;0,040018465620961251;0,03692595459236292;0,48535714285714232;0,50833333333333308;0,14681162645755061;0,20763888888888932;0,26380952380952361;0,16666666666666649;0,29638112920112764;0,52857142857142825;;;;;;;;;;;;;;;
final_results_TUMOR,xlsx/TUMOR_0#9_WORST_RAN;93;0,9040453462086584;0,90505675954592291;0,031217967299969888;0,031505233672416533;0,87346835225318153;0,88235294117647001;0,051309675324301252;0,038559941520467378;0,44305555555555509;0,43055555555555503;0,17145013112353405;0,24374999999999919;0,2066666666666665;0;0,28536309986652436;0,38333333333333325;;;;;;;;;;;;;;;
final_results_TUMOR,xlsx/TUMOR_0#9_WORST_RAN;94;0,91393973598211153;0,9125816993464051;0,01402439577866731;0,014871431028551818;0,87525627794977601;0,87867647058823506;0,030142147982636487;0,026102941176470051;0,4517936507936503;0,44444444444444398;0,15187445308640291;0,23015873015873051;0,1666666666666666;0;0,27216552697590857;0,375;;;;;;;;;;;;;;;
final_results_TUMOR,xlsx/TUMOR_0#9_WORST_RAN;95;0,91510530137981072;0,91503267973856195;0,023908628157380055;0,052287581699346997;0,92374727668845269;0,94117647058823495;0,027873728936653765;0,052287581699346997;0,58703703703703669;0,58333333333333304;0,079833932573332572;0,16666666666666596;0,57962962962962938;0,66666666666666596;0,23888888888888887;0,16666666666666596;;;;;;;;;;;;;;;
final_results_TUMOR,xlsx/TUMOR_0#9_WORST_RAN;96;0,9053256097760739;0,90822440087145906;0,030730470201785539;0,043761108244467661;0,87516769865841026;0,88235294117647001;0,04784547954896512;0,03692595459236292;0,42718253968253928;0,41666666666666596;0,22507780802714139;0,28323412698412731;0,24047619047619029;0;0,31395886483465296;0,55357142857142816;;;;;;;;;;;;;;;
final_results_TUMOR,xlsx/TUMOR_0#9_WORST_RAN;97;0,91169848641210804;0,90952872377020899;0,018526740639994186;0,017942323128081084;0,87652218782249702;0,88235294117647001;0,031475325243736765;0,030185758513932015;0,49755668934240321;0,49750566893423998;0,14653413291605671;0,18819444444444466;0,24666666666666659;0,20000000000000001;0,26997942308422107;0,47499999999999998;;;;;;;;;;;;;;;
final_results_TUMOR,xlsx/TUMOR_0#9_WORST_RAN;98;0,89814505626812058;0,90952872377020899;0,030616822671561159;0,051240898406146318;0,86342756400805898;0,86607142857142849;0,042385672000196294;0,046826625386996779;0,49796536796536744;0,4900793650793645;0,17207818526666299;0,22083333333333321;0,29606060606060586;0,20000000000000001;0,32511462664281365;0,62499999999999944;;;;;;;;;;;;;;;
final_results_TUMOR,xlsx/TUMOR_0#9_WORST_RAN;99;0,90737114436417809;0,90279927760577849;0,021962779672432538;0,027390780873752463;0,88209752321981383;0,88235294117647001;0,035371508559659225;0,026102941176470051;0,43956349206349155;0,418650793650793;0,14929826266707788;0,17430555555555555;0,1733333333333332;0;0,28837561240014792;0,30000000000000004;;;;;;;;;;;;;;;
final_results_TUMOR,xlsx/TUMOR_0#9_WORST_RAN;100;0,90227554179566527;0,90550467262928502;0,016178913533587837;0,022479145166838577;0,87187392500859962;0,87867647058823506;0,018647655750344872;0,007352941176470007;0,35452380952380935;0,34999999999999948;0,20462242149126547;0,23214285714285726;0,10000000000000001;0;0,21081851067789195;0;;;;;;;;;;;;;;;
final_results_TUMOR,xlsx/TUMOR_0#9_WORST_EVA;1;0,64393784591485981;0,6384695103019824;0,018956094269859062;0,016649908974692429;0,30879699248120257;0,3245614035087715;0,066834972837620577;0,056547619047619513;0,37088281326018524;0,37370204613105695;0,02194929846049145;0,034006447782822691;0;0;0;0;-13,469999999999953;-13,566666666666599;2,2026751412266394;1,1500000000000252;-103,2;-105,5;31,018990598950481;38,5;0,27282177451878459;0,46982054035959653;;;;;
final_results_TUMOR,xlsx/TUMOR_0#9_WORST_EVA;2;0,75105830158770925;0,75450970207029999;0,023241831354804343;0,03280186868446533;0,49272068511198902;0,47826086956521702;0,032382296835522809;0,038043478260869457;0,34898204606025957;0,33215120185772351;0,047903749848439953;0,069548543511274485;0;0;0;0;-9,8933333333333131;-10,108333333333317;5,1547724501034509;4,641666666666616;-224,40000000000001;-207,5;160,33035340266116;184,75;;;;;;;
final_results_TUMOR,xlsx/TUMOR_0#9_WORST_EVA;3;0,78948412374145549;0,79284929753102507;0,015646325063993806;0,016471215600922795;0,48201581027667945;0,47826086956521702;0,032626324402647518;0,061758893280632499;0,35388650555795159;0,34099820817148152;0,044300788851219755;0,075423396361855521;0;0;0;0;-9,4949999999999815;-9,8333333333333304;5,061559621546408;5,237499999999935;-185,69999999999999;-143,5;122,10655638052819;125,5;;;;;;;
final_results_TUMOR,xlsx/TUMOR_0#9_WORST_EVA;4;0,80884977803078006;0,81218706097008053;0,012469411770570213;0,010138871789009962;0,48003952569169916;0,47826086956521702;0,028356604050992412;0,03409090909090956;0,3842872039119849;0,38372606497912698;0,052454614139306639;0,026775464707689711;0;0;0;0;-8,0899999999999874;-7,524999999999995;6,2088954505652012;6,5166666666666142;-155,40000000000001;-151;114,12488286473238;76,75;;;;;;;
final_results_TUMOR,xlsx/TUMOR_0#9_WORST_EVA;5;0,81665376376457677;0,81944376223135906;0,016289813516177129;0,015212694783822478;0,48657773386034203;0,47826086956521702;0,03259531527914248;0,03260869565217378;0,41727891654717586;0,40899630120282249;0,042996411065404229;0,058658206681544034;0;0;0;0;-8,8016666666666605;-9,1416666666666657;6,1177411005075646;5,7083333333333135;-170,19999999999999;-157;111,08735301554357;70,25;;;;;;;
final_results_TUMOR,xlsx/TUMOR_0#9_WORST_EVA;6;0,82147722127124678;0,82584129650617299;0,017815019796250262;0,017483036525047124;0,49291831357048699;0,47826086956521702;0,036705558130054695;0,043478260869565022;0,4488981236685568;0,44454256852389151;0,041275916161855296;0,025026588879530243;0;0;0;0;-8,3249999999999886;-7,216666666666665;5,7937186612680689;4,7291666666666154;-169,80000000000001;-152;111,49569000140268;76,25;;;;;;;
final_results_TUMOR,xlsx/TUMOR_0#9_WORST_EVA;7;0,82223385281878225;0,82515951203291249;0,018326686610847104;0,019636843977241303;0,50161396574440009;0,49999999999999956;0,031305692799453798;0,043478260869565022;0,46244119130945049;0,46081146512860049;0,043550188289817666;0,036492840862018483;0;0;0;0;-8,2899999999999814;-6,7666666666666648;5,8823401742780668;4,4833333333332828;-168;-136,5;108,24765842989656;65,5;;;;;;;
final_results_TUMOR,xlsx/TUMOR_0#9_WORST_EVA;8;0,82228767488898613;0,82504899848808755;0,020190357651214942;0,025212737593752976;0,50344729907773345;0,49999999999999956;0,034305031455880354;0,043478260869565022;0,46254240000413754;0,45591853197479748;0,040438038100678898;0,034546928778908026;0;0;0;0;-7,7449999999999903;-6,591666666666665;5,1217404569776823;4,5916666666666233;-160,19999999999999;-127;108,30389343570864;28;;;;;;;
final_results_TUMOR,xlsx/TUMOR_0#9_WORST_EVA;9;0,82041498429991067;0,82519882772487341;0,02295182751908242;0,028335175019015058;0,50578063241106674;0,49999999999999956;0,039045049041302592;0,043478260869565022;0,46753503755981873;0,45674091731892252;0,033645805140967613;0,031533865310467202;0;0;0;0;-7,1549999999999887;-6,4083333333333297;4,0025998495422277;4,1249999999999556;-147,40000000000001;-127;103,30343653528666;14,25;;;;;;;
final_results_TUMOR,xlsx/TUMOR_0#9_WORST_EVA;10;0,81832038543061447;0,82469444175996098;0,025528761943567766;0,030912933665062092;0,50143280632411025;0,47826086956521702;0,039488775427447186;0,043478260869565022;0,47163814001292126;0,46009192741993254;0,032506092950412034;0,034651399346479539;0;0;0;0;-7,4549999999999814;-7,3583333333333298;3,9902972598820319;4,0458333333332863;-147,40000000000001;-127;103,30343653528666;14,25;;;;;;;
final_results_TUMOR,xlsx/TUMOR_0#9_WORST_EVA;11;0,81535236038433845;0,82105877989287457;0,026815671836375989;0,034784436466165025;0,50143280632411025;0,47826086956521702;0,039488775427447186;0,043478260869565022;0,47655270177965681;0,46906552990440453;0,033783563800955055;0,034801287745224008;0;0;0;0;-7,90333333333332;-8,0666666666666647;4,1251995836490396;3,7583333333332876;-147,40000000000001;-127;103,30343653528666;14,25;;;;;;;
final_results_TUMOR,xlsx/TUMOR_0#9_WORST_EVA;12;0,81436557362237016;0,81739429935364649;0,028090313599762318;0,032464719108471263;0,50342555994729854;0,47826086956521702;0,041097413424939437;0,058423913043477993;0,48525567974798012;0,47473754508728949;0,031792937935700018;0,034651839124093531;0;0;0;0;-7,0083333333333275;-7,4416666666666647;3,1864222942097609;1,4666666666666615;-119,8;-127;43,317432980267895;9;;;;;;;
final_results_TUMOR,xlsx/TUMOR_0#9_WORST_EVA;13;0,81256811630921411;0,81325275677170095;0,028447250451816827;0,0345545849601403;0,50284914361001276;0,49999999999999956;0,051953546842146016;0,063405797101448946;0,48752173736186366;0,47613659772547201;0,031882819262639597;0,045621592440528325;0;0;0;0;-6,9416666666666629;-7,4499999999999948;3,0016996214284926;1,5166666666666693;-119,90000000000001;-127;43,012788795891851;9;;;;;;;
final_results_TUMOR,xlsx/TUMOR_0#9_WORST_EVA;14;0,81073880082230032;0,80790585192789299;0,028003031205065629;0,032883614418813933;0,50284914361001276;0,49999999999999956;0,051953546842146016;0,063405797101448946;0,49759130257925499;0,50000277620929801;0,031682781105457219;0,050300231806053752;0;0;0;0;-7,2499999999999982;-7,4833333333333307;3,3694341393998304;2,8374999999999977;-121,7;-127;44,574656476522627;9;;;;;;;
final_results_TUMOR,xlsx/TUMOR_0#9_WORST_EVA;15;0,80915294069249089;0,80715483222176498;0,027949221273263502;0,035082742675604961;0,49415349143609977;0,47826086956521702;0,055590384031594879;0,081192358366271256;0,50393764222994242;0,50172361816926991;0,034988649113979323;0,059855278835845183;0;0;0;0;-7,1033333333333246;-6,899999999999995;3,305959825885711;2,4916666666666671;-121,7;-127;44,574656476522627;9;;;;;;;
final_results_TUMOR,xlsx/TUMOR_0#9_WORST_EVA;16;0,80819540197218098;0,80708904274808047;0,027327633571184649;0,030958561112164773;0,49850131752305626;0,49999999999999956;0,055908629132453806;0,081192358366271256;0,50718107657337697;0,507279173724826;0,033256101738876116;0,059440161344640918;0;0;0;0;-7,1466666666666594;-7,149999999999995;3,1793294579941049;2,1041666666666643;-121,7;-127;44,574656476522627;9;;;;;;;
final_results_TUMOR,xlsx/TUMOR_0#9_WORST_EVA;17;0,80762533875814824;0,80758716304883249;0,025900809754513011;0,029490615896431871;0,50725164690382041;0,49999999999999956;0,049103729025350512;0,063405797101448946;0,50877524761972193;0,51313234832800059;0,03365695249701376;0,058942431417563002;0;0;0;0;-7,3649999999999975;-7,55833333333333;3,1166958802354374;2,7208333333333377;-121,7;-127;44,574656476522627;9;;;;;;;
final_results_TUMOR,xlsx/TUMOR_0#9_WORST_EVA;18;0,80630508700355141;0,80480732128756594;0,025061238170476188;0,026468050506960106;0,49909947299077706;0,5;0,038783995297936781;0,043478260869565022;0,51518601631962124;0,51859027928593149;0,029932440532254762;0,048192835581582993;0;0;0;0;-7,2999999999999954;-7,3749999999999947;3,226874036801362;1,774999999999995;-121,7;-127;44,574656476522627;9;;;;;;;
final_results_TUMOR,xlsx/TUMOR_0#9_WORST_EVA;19;0,80555389346075068;0,80522837391914504;0,025481427510050277;0,022683130691080744;0,49475164690382051;0,48913043478260854;0,038399134840015337;0,038043478260869457;0,51879194308206944;0,52624187044839199;0,029579146504324499;0,043402077426694663;0;0;0;0;-6,8883333333333283;-7,4583333333333304;3,1663357526903821;1,7833333333333306;-117,7;-127;46,592917916782163;9;;;;;;;
final_results_TUMOR,xlsx/TUMOR_0#9_WORST_EVA;20;0,80509402348036985;0,80607998210627951;0,025465677936770018;0,019625317338569204;0,49475164690382051;0,48913043478260854;0,038399134840015337;0,038043478260869457;0,5194212208091733;0,52644699865352051;0,028421729464139064;0,039655959414271691;0;0;0;0;-6,858333333333329;-6,9499999999999957;3,3330763789850466;2,4708333333333261;-117,7;-127;46,592917916782163;9;;;;;;;
final_results_TUMOR,xlsx/TUMOR_0#9_WORST_EVA;21;0,80453089272567557;0,80541331543961303;0,025476872801521413;0,018884715834809773;0,49475164690382051;0,48913043478260854;0,038399134840015337;0,038043478260869457;0,51964787338365193;0,52644699865352051;0,028916897893023454;0,039450425817433687;0;0;0;0;-6,8049999999999944;-6,4499999999999957;3,5588617440946204;2,9458333333333311;-117,7;-127;46,592917916782163;9;;;;;;;
final_results_TUMOR,xlsx/TUMOR_0#9_WORST_EVA;22;0,80411317274891336;0,805569522842287;0,02509174242955604;0,019131623379536555;0,49475164690382051;0,48913043478260854;0,038399134840015337;0,038043478260869457;0,51968750307762934;0,52644699865352051;0,028579394845802901;0,040222549225427007;0;0;0;0;-6,6749999999999972;-7,2583333333333293;3,2685203546317405;3,2166666666666623;-117,7;-127;46,592917916782163;9;;;;;;;
final_results_TUMOR,xlsx/TUMOR_0#9_WORST_EVA;23;0,80367335714245025;0,805569522842287;0,024165903635969037;0,018369666403764029;0,49291831357048715;0,48913043478260854;0,035245964930011586;0,038043478260869457;0,52022727031522265;0,52644699865352051;0,029690575505502331;0,042230455747719498;0;0;0;0;-6,3649999999999967;-7,2583333333333293;3,2672849943902844;4,56666666666667;-109,2;-127;52,131884037825969;45;;;;;;;
final_results_TUMOR,xlsx/TUMOR_0#9_WORST_EVA;24;0,80309574317126731;0,80510655987932456;0,023974168884761386;0,016566179250011026;0,49112318840579683;0,48913043478260854;0,028991167925514053;0,021739130434782983;0,52267445646240906;0,52672658018310203;0,033152846195960144;0,048361630732155658;0;0;0;0;-6,3049999999999979;-6,6166666666666654;2,9123624325058879;3,3458333333333394;-116,90000000000001;-127;46,484047442823503;15;;;;;;;
final_results_TUMOR,xlsx/TUMOR_0#9_WORST_EVA;25;0,80246784555612705;0,80355491506680998;0,023952717080507481;0,014961815078712748;0,48638010540184418;0,48913043478260854;0,040499404277136657;0,038043478260869457;0,52462640451435705;0,52845319414884651;0,034743532813105153;0,045708939220768463;0;0;0;0;-6,5166666666666639;-6,6166666666666654;3,1342197327777361;3,6250000000000053;-116,90000000000001;-127;46,484047442823503;15;;;;;;;
final_results_TUMOR,xlsx/TUMOR_0#9_WORST_EVA;26;0,80145637566941796;0,80204183907617954;0,023435242280492038;0,01473649266605459;0,48638010540184418;0,48913043478260854;0,040499404277136657;0,038043478260869457;0,52636184274762121;0,52816213134691403;0,031916813805365277;0,043939692830240185;0;0;0;0;-6,5183333333333326;-6,6249999999999947;3,1042031442052571;3,6375000000000055;-116,90000000000001;-127;46,484047442823503;15;;;;;;;
final_results_TUMOR,xlsx/TUMOR_0#9_WORST_EVA;27;0,80162519968975643;0,80190295018729052;0,023238649166163153;0,012630816457551486;0,50615942028985472;0,5;0,024621098900138978;0,03804347826086929;0,52702086995230057;0,52705282398760644;0,032634191343564739;0,045311155908225154;0;0;0;0;-5,9349999999999898;-6,4000000000000004;2,9006539279749441;4,0666666666666682;-100;-123;49,202529293613438;60;;;;;;;
final_results_TUMOR,xlsx/TUMOR_0#9_WORST_EVA;28;0,80111560818333838;0,80124554277988302;0,022543964804752011;0,012204041721566194;0,50615942028985472;0,5;0,024621098900138978;0,03804347826086929;0,52771852085212545;0,52705282398760644;0,031782340519723638;0,04014090586840946;0;0;0;0;-5,8583333333333245;-5,7916666666666599;2,9218974259718897;4,0083333333333293;-93,599999999999994;-99;49,46199438850892;64;;;;;;;
final_results_TUMOR,xlsx/TUMOR_0#9_WORST_EVA;29;0,80131927634641253;0,80092136306096706;0,022273413084485487;0,012868424242322263;0,51032608695652137;0,51086956521739102;0,026884529990517308;0,052989130434782261;0,52872973596551454;0,52736848055326302;0,031712304228132066;0,040619458113266282;0;0;0;0;-5,8383333333333232;-5,7166666666666597;2,658518221830048;3,1375000000000002;-99,900000000000006;-123;49,309566347041958;60;;;;;;;
final_results_TUMOR,xlsx/TUMOR_0#9_WORST_EVA;30;0,80083265412217419;0,80169059383019747;0,021547215439368619;0,015455498545727808;0,51032608695652137;0,51086956521739102;0,026884529990517308;0,052989130434782261;0,52841056624634475;0,52736848055326302;0,031872817998208396;0,04132779144659926;0;0;0;0;-5,9383333333333237;-5,8249999999999957;2,6478741764519174;3,0541666666666671;-99,900000000000006;-123;49,309566347041958;60;;;;;;;
final_results_TUMOR,xlsx/TUMOR_0#9_WORST_EVA;31;0,80032356844520935;0,80142623635531396;0,020966097270356764;0,014820962941508364;0,50833333333333297;0,51086956521739102;0,024974023237802415;0,03804347826086929;0,52738279997075233;0,52506292499770746;0,030793020866781106;0,040951497450740004;0;0;0;0;-5,3349999999999964;-5,1749999999999954;2,6006818906387408;3,5166666666666648;-85,799999999999997;-71;51,109468572641006;72,25;;;;;;;
final_results_TUMOR,xlsx/TUMOR_0#9_WORST_EVA;32;0,7996841896670398;0,80142623635531396;0,019912514626735111;0,013566325629010723;0,50833333333333297;0,51086956521739102;0,024974023237802415;0,03804347826086929;0,52773883548113576;0,5255762100218625;0,03006078172593956;0,036553473309867024;0;0;0;0;-5,2816666666666636;-5,3249999999999993;2,5393380346698589;3,0874999999999946;-84,599999999999994;-71;49,84687664348801;72,25;;;;;;;
final_results_TUMOR,xlsx/TUMOR_0#9_WORST_EVA;33;0,79938608933418043;0,80110216228123998;0,018748811998485982;0,016396871951770531;0,51050724637681122;0,51086956521739102;0,02292778256054916;0,021739130434782039;0,52909822279269692;0,52451546521111747;0,028977537355229049;0,032110111116504747;0;0;0;0;-5,5933333333333302;-5,6749999999999954;2,7609289007617934;4,0958333333333261;-89;-87,5;48,575256618524989;64;;;;;;;
final_results_TUMOR,xlsx/TUMOR_0#9_WORST_EVA;34;0,79818902395832247;0,80095596345083053;0,017365188177658;0,016118619688300306;0,51050724637681122;0,51086956521739102;0,02292778256054916;0,021739130434782039;0,53275202269649713;0,52702643170034502;0,027338505949629964;0,036107619067018204;0;0;0;0;-5,6149999999999958;-5,6916666666666593;2,7475179595903643;4,0874999999999941;-89;-87,5;48,575256618524989;64;;;;;;;
final_results_TUMOR,xlsx/TUMOR_0#9_WORST_EVA;35;0,79714846472968282;0,80095596345083053;0,016688044926648694;0,017421905334977783;0,51050724637681122;0,51086956521739102;0,02292778256054916;0,021739130434782039;0,5336915165359909;0,53099468566859898;0,02436978230582287;0,035810000019398713;0;0;0;0;-5,3999999999999968;-4,9666666666666597;2,5818574039479754;3,3041666666666596;-89;-87,5;48,575256618524989;64;;;;;;;
final_results_TUMOR,xlsx/TUMOR_0#9_WORST_EVA;36;0,79682271329511467;0,80039780924936099;0,016661512268782791;0,017611864713871883;0,51050724637681122;0,51086956521739102;0,02292778256054916;0,021739130434782039;0,5356046478491221;0,5357565904305035;0,022559103555559967;0,03541317462257354;0;0;0;0;-5,5383333333333304;-5,5833333333333304;2,5617925099815402;3,2791666666666597;-90,400000000000006;-87,5;47,940240577897249;60,5;;;;;;;
final_results_TUMOR,xlsx/TUMOR_0#9_WORST_EVA;37;0,79685153091674754;0,80095596345083053;0,01666188197326202;0,017216581977564482;0,51050724637681122;0,51086956521739102;0,02292778256054916;0,021739130434782039;0,53599326068556097;0,53714547931939249;0,023288110902518679;0,03541317462257354;0;0;0;0;-5,4399999999999959;-5,5916666666666597;2,625259540373289;3,6041666666666647;-90,400000000000006;-87,5;47,940240577897249;60,5;;;;;;;
final_results_TUMOR,xlsx/TUMOR_0#9_WORST_EVA;38;0,79680540494127361;0,80095596345083053;0,016969199554524066;0,018321282832265418;0,52101449275362288;0,52173913043478204;0,029610314978225923;0,03668478260869501;0,53640259314054561;0,53593774985079301;0,023674249013685842;0,035071991047693984;0;0;0;0;-5,5733333333333297;-5,8499999999999943;2,7516347554064069;3,6041666666666647;-90,400000000000006;-87,5;47,940240577897249;60,5;;;;;;;
final_results_TUMOR,xlsx/TUMOR_0#9_WORST_EVA;39;0,7963551990195572;0,80067751626448846;0,017088297549025265;0,02034062363508149;0,51666666666666639;0,51086956521739102;0,032539289169881989;0,03668478260869501;0,5373847720727245;0,537847477803999;0,024196562847719635;0,034981017384149715;0;0;0;0;-5,4866666666666628;-5,86666666666666;2,8699034267745556;3,5499999999999949;-85,200000000000003;-86,5;51,965373086315857;79,75;;;;;;;
final_results_TUMOR,xlsx/TUMOR_0#9_WORST_EVA;40;0,79619593976029812;0,80032993791691043;0,017174126430462271;0,02034062363508149;0,51666666666666639;0,51086956521739102;0,032539289169881989;0,03668478260869501;0,53713159746954986;0,53737525558177701;0,024238101829307343;0,035377842780975222;0;0;0;0;-5,6116666666666628;-5,99166666666666;2,9374450349467538;4,5;-85,200000000000003;-86,5;51,965373086315857;79,75;;;;;;;
final_results_TUMOR,xlsx/TUMOR_0#9_WORST_EVA;41;0,79586855349990104;0,80061233259481601;0,017078744222430865;0,019669879364589193;0,51666666666666639;0,51086956521739102;0,032539289169881989;0,03668478260869501;0,53779631053426313;0,53737525558177701;0,026138812598704483;0,036385931914064806;0;0;0;0;-5,6683333333333303;-5,99166666666666;3,3066566793457297;5,6124999999999989;-84,599999999999994;-86,5;52,283840715846416;81,25;;;;;;;
final_results_TUMOR,xlsx/TUMOR_0#9_WORST_EVA;42;0,79582006671388217;0,8011256176189705;0,017064905228686453;0,019716997945182668;0,51666666666666639;0,51086956521739102;0,032539289169881989;0,03668478260869501;0,53876853275648529;0,53788854060593194;0,025287366704026482;0,032728771642774546;0;0;0;0;-5,8016666666666605;-5,99166666666666;3,3992687122052803;5,9333333333333336;-84,599999999999994;-86,5;52,283840715846416;81,25;;;;;;;
final_results_TUMOR,xlsx/TUMOR_0#9_WORST_EVA;43;0,79531010263417468;0,8011256176189705;0,016752703475722698;0,019460461229852788;0,51666666666666639;0,51086956521739102;0,032539289169881989;0,03668478260869501;0,54061773910569155;0,54008193979933106;0,025037993134974727;0,03199581058564438;0;0;0;0;-5,8749999999999964;-6,2666666666666604;3,3876523244874073;5,8458333333333385;-84,599999999999994;-86,5;52,283840715846416;81,25;;;;;;;
final_results_TUMOR,xlsx/TUMOR_0#9_WORST_EVA;44;0,79538198796094961;0,80051012403364552;0,015860760778032255;0,019033729019442669;0,51429512516469011;0,51086956521739102;0,036296687498977395;0,03668478260869501;0,54068371877819288;0,54087300260126348;0,025010457205616479;0,030858184323018012;0;0;0;0;-5,7383333333333306;-6,274999999999995;3,0176747855113719;4,63333333333334;-81,5;-86,5;46,790906049027186;79,75;;;;;;;
final_results_TUMOR,xlsx/TUMOR_0#9_WORST_EVA;45;0,79554320841404325;0,80058773841273045;0,015715191640677369;0,018033729019443001;0,51429512516469011;0,51086956521739102;0,036296687498977395;0,03668478260869501;0,5421252646719128;0,54087300260126348;0,022898374288867603;0,031191517656351531;0;0;0;0;-5,5849999999999973;-5,2249999999999952;3,1554523652924362;4,63333333333334;-75,099999999999994;-70;44,18006086208775;72;;;;;;;
final_results_TUMOR,xlsx/TUMOR_0#9_WORST_EVA;46;0,79510305722125385;0,79774767584895057;0,01552910154566052;0,018379470567197354;0,51429512516469011;0,51086956521739102;0,036296687498977395;0,03668478260869501;0,54384934759382175;0,54087300260126348;0,020737230111702618;0,031091350311618804;0;0;0;0;-5,6916666666666567;-5,524999999999995;3,1479000446897869;4,8833333333333382;-75,099999999999994;-70;44,18006086208775;72;;;;;;;
final_results_TUMOR,xlsx/TUMOR_0#9_WORST_EVA;47;0,79460605925877603;0,79633991220661593;0,015592676590249738;0,019336662149750494;0,52029512516469001;0,52173913043478204;0,038559666162142653;0,041666666666665964;0,54381094710542122;0,54137300260126353;0,020817343175976135;0,031028468748737215;0;0;0;0;-5,7533333333333267;-5,8166666666666602;3,1327205862644232;4,8833333333333382;-75,099999999999994;-70;44,18006086208775;72;;;;;;;
final_results_TUMOR,xlsx/TUMOR_0#9_WORST_EVA;48;0,79453677093615949;0,79633991220661593;0,015236645675488341;0,017873308968130774;0,52212845849802336;0,52173913043478204;0,04009399217842001;0,055416666666666559;0,54662325001989809;0,54680157402983498;0,019059006818401072;0,026412389197302821;0;0;0;0;-5,7783333333333298;-5,8416666666666597;2,921641788573806;4,5833333333333375;-78,099999999999994;-74,5;42,675650095940085;56,25;;;;;;;
final_results_TUMOR,xlsx/TUMOR_0#9_WORST_EVA;49;0,79400639884580282;0,79633991220661593;0,014969296037173044;0,019326554008837316;0,52212845849802336;0,52173913043478204;0,04009399217842001;0,055416666666666559;0,54675868825316232;0,54680157402983498;0,018554502138811973;0,023507968135273449;0;0;0;0;-5,8216666666666637;-5,8833333333333302;2,8966034813890329;4,3333333333333321;-78,099999999999994;-74,5;42,675650095940085;56,25;;;;;;;
final_results_TUMOR,xlsx/TUMOR_0#9_WORST_EVA;50;0,79407915147061936;0,79627412273293197;0,014081374836633832;0,016955755582117815;0,53046179183135667;0,53170289855072395;0,043499268784264994;0,054565217391304488;0,54725050754498183;0,54517794765620842;0,018391382805808567;0,021110132294157813;0;0;0;0;-5,5499999999999972;-5,3833333333333302;2,7246247901158007;3,3666666666666618;-78,099999999999994;-74,5;42,675650095940085;56,25;;;;;;;
final_results_TUMOR,xlsx/TUMOR_0#9_WORST_EVA;51;0,79453559933418783;0,79558741822656742;0,013941655125929509;0,016561018740012479;0,53283333333333305;0,53170289855072395;0,039348981901927878;0,054565217391304488;0,54871515400962834;0,54720113742939791;0,017790716657841616;0,01803243726729431;0;0;0;0;-5,5616666666666639;-5,399999999999995;2,7350948479276673;3,3791666666666647;-78,099999999999994;-74,5;42,675650095940085;56,25;;;;;;;
final_results_TUMOR,xlsx/TUMOR_0#9_WORST_EVA;52;0,79433714732180394;0,79558741822656742;0,01386451088996277;0,016564888709052594;0,53283333333333305;0,53170289855072395;0,039348981901927878;0,054565217391304488;0,54811436035883465;0,54786780409606495;0,018427241879837204;0,021554262664119306;0;0;0;0;-5,5516666666666632;-5,4083333333333297;2,725094289907946;3,354166666666667;-78,099999999999994;-74,5;42,675650095940085;56,25;;;;;;;
final_results_TUMOR,xlsx/TUMOR_0#9_WORST_EVA;53;0,79376976730186988;0,79413285408399092;0,013956005453404613;0,017178129342190318;0,5286666666666664;0,53170289855072395;0,035416957735479829;0,049981884057970993;0,54977757636987667;0,55350138468616694;0,018780620957227823;0,023520938878877518;0;0;0;0;-5,5949999999999962;-5,9416666666666602;2,6457868908143278;3,354166666666667;-75,799999999999997;-72,5;42,221111096490844;51,5;;;;;;;
final_results_TUMOR,xlsx/TUMOR_0#9_WORST_EVA;54;0,79354742222348773;0,79330726068873791;0,013983715650505166;0,017499766769091041;0,5286666666666664;0,53170289855072395;0,035416957735479829;0,049981884057970993;0,54918053452283488;0,55350138468616694;0,019385812893230905;0,026104813337752164;0;0;0;0;-5,604999999999996;-5,9583333333333304;2,6532655165351566;3,3666666666666618;-75,799999999999997;-72,5;42,221111096490844;51,5;;;;;;;
final_results_TUMOR,xlsx/TUMOR_0#9_WORST_EVA;55;0,79341869763423678;0,79330726068873791;0,014021608326721389;0,017841060015432508;0,5286666666666664;0,53170289855072395;0,035416957735479829;0,049981884057970993;0,54895614779844804;0,55350138468616694;0,019597617230010776;0,027549618532556996;0;0;0;0;-5,6116666666666637;-5,9833333333333307;2,6547540631483115;3,3666666666666618;-75,799999999999997;-72,5;42,221111096490844;51,5;;;;;;;
final_results_TUMOR,xlsx/TUMOR_0#9_WORST_EVA;56;0,79347652382364187;0,79318449115807399;0,013998678914330015;0,018060358261046572;0,5286666666666664;0,53170289855072395;0,035416957735479829;0,049981884057970993;0,55002330286560319;0,55350138468616694;0,018246926362340935;0,023815644173582839;0;0;0;0;-5,6249999999999956;-6,0166666666666604;2,6624532685865878;3,3791666666666647;-75,799999999999997;-72,5;42,221111096490844;51,5;;;;;;;
final_results_TUMOR,xlsx/TUMOR_0#9_WORST_EVA;57;0,79255652450626735;0,79062584496968802;0,01375273189880255;0,018012989198797791;0,5286666666666664;0,53170289855072395;0,035416957735479829;0,049981884057970993;0,54988108542121172;0,55344278630339994;0,018133613220786056;0,023842574357162194;0;0;0;0;-5,6166666666666618;-6,024999999999995;2,700125740099093;3,5916666666666623;-75,799999999999997;-72,5;42,221111096490844;51,5;;;;;;;
final_results_TUMOR,xlsx/TUMOR_0#9_WORST_EVA;58;0,7914431243013812;0,7905245500657615;0,014784755435093971;0,020628369914772016;0,5286666666666664;0,53170289855072395;0,035416957735479829;0,049981884057970993;0,55085376829389476;0,55344278630339994;0,017557643722604165;0,017287974907539749;0;0;0;0;-5,6383333333333292;-6,0416666666666607;2,7243761320056339;3,6166666666666671;-75,799999999999997;-72,5;42,221111096490844;51,5;;;;;;;
final_results_TUMOR,xlsx/TUMOR_0#9_WORST_EVA;59;0,7913590324100136;0,7905245500657615;0,014850933608316621;0,020820677607080285;0,5286666666666664;0,53170289855072395;0,035416957735479829;0,049981884057970993;0,55305215324227963;0,55500129904669504;0,016845108003326451;0,0095501597838547614;0;0;0;0;-5,6466666666666612;-6,0416666666666607;2,7347196123231146;3,629166666666662;-75,799999999999997;-72,5;42,221111096490844;51,5;;;;;;;
final_results_TUMOR,xlsx/TUMOR_0#9_WORST_EVA;60;0,79075635120375176;0,7907988736953484;0,015843122753709433;0,019987344273746266;0,5286666666666664;0,53170289855072395;0,035416957735479829;0,049981884057970993;0,55262531341543963;0,55391500852562203;0,016477933310920911;0,011571087929783008;0;0;0;0;-5,5866666666666625;-5,5083333333333293;2,8015626151167394;3,5999999999999952;-75,799999999999997;-72,5;42,221111096490844;51,5;;;;;;;
final_results_TUMOR,xlsx/TUMOR_0#9_WORST_EVA;61;0,79091746524861883;0,79177933767581243;0,01575578310178501;0,020223455384857258;0,53099999999999969;0,53170289855072395;0,038357195876180479;0,049981884057970993;0,55338511327741347;0,55416805135283354;0,015224133424608172;0,011242036558212765;0;0;0;0;-5,3533333333333299;-5,2916666666666643;2,6321938462895251;3,4249999999999936;-74,400000000000006;-67,5;42,408594516782671;50,5;;;;;;;
final_results_TUMOR,xlsx/TUMOR_0#9_WORST_EVA;62;0,79070466722792621;0,79126764176938003;0,015995611683998528;0,02103755794896045;0,53099999999999969;0,53170289855072395;0,038357195876180479;0,049981884057970993;0,5536421340344343;0,55416805135283354;0,015161799284030461;0,011243979060154952;0;0;0;0;-5,2699999999999978;-5,091666666666665;2,6633868719413702;3,4791666666666621;-69,599999999999994;-67,5;38,312168069977744;14,5;;;;;;;
final_results_TUMOR,xlsx/TUMOR_0#9_WORST_EVA;63;0,79065589484447885;0,79126316116899154;0,015822600186380962;0,020367861998271564;0,53099999999999969;0,53170289855072395;0,038357195876180479;0,049981884057970993;0,55404289993520028;0,55449961672787706;0,01460949919387519;0,0093819839698997542;0;0;0;0;-5,2899999999999974;-5,091666666666665;2,6783678464668865;3,529166666666661;-70,200000000000003;-70,5;38,244244301884457;14,5;;;;;;;
final_results_TUMOR,xlsx/TUMOR_0#9_WORST_EVA;64;0,79047576796652597;0,79056871672454698;0,015685706146474274;0,020738893744302822;0,52683333333333304;0,52173913043478204;0,039320734409418405;0,055416666666666559;0,55390642385089794;0,55449961672787706;0,014646009583334937;0,0079710307926421642;0;0;0;0;-5,1649999999999983;-4,9500000000000002;2,6204967251305127;3,1583333333333301;-70,200000000000003;-70,5;38,244244301884457;14,5;;;;;;;
final_results_TUMOR,xlsx/TUMOR_0#9_WORST_EVA;65;0,79034799018874813;0,79056871672454698;0,015778280178767871;0,021697227077636216;0,52683333333333304;0,52173913043478204;0,039320734409418405;0,055416666666666559;0,55373999873012503;0,55449961672787706;0,014970097488606494;0,0079710307926421642;0;0;0;0;-5,2749999999999977;-4,9833333333333307;2,634390903434559;3,416666666666663;-76;-72,5;42,232162572564945;52;;;;;;;
final_results_TUMOR,xlsx/TUMOR_0#9_WORST_EVA;66;0,79039915977939135;0,79056871672454698;0,015649811821466939;0,020436262165355545;0,52683333333333304;0,52173913043478204;0,039320734409418405;0,055416666666666559;0,55372619610762663;0,55449961672787706;0,014909094932762105;0,0079710307926421642;0;0;0;0;-5,3833333333333311;-4,9833333333333307;2,6936940535853324;3,6791666666666631;-76;-72,5;42,232162572564945;52;;;;;;;
final_results_TUMOR,xlsx/TUMOR_0#9_WORST_EVA;67;0,79048687907763704;0,79056871672454698;0,015678122558840768;0,020655560410969498;0,52683333333333304;0,52173913043478204;0,039320734409418405;0,055416666666666559;0,55384524372667443;0,55449961672787706;0,014741395412444704;0,0079710307926421642;0;0;0;0;-5,386666666666664;-4,9833333333333307;2,6976304188200428;3,6791666666666631;-76;-72,5;42,232162572564945;52;;;;;;;
final_results_TUMOR,xlsx/TUMOR_0#9_WORST_EVA;68;0,79033775627061942;0,79053560333997352;0,01563289272135265;0,020299310085712508;0,52683333333333304;0,52173913043478204;0,039320734409418405;0,055416666666666559;0,55384524372667443;0,55449961672787706;0,014741395412444704;0,0079710307926421642;0;0;0;0;-5,39333333333333;-4,9833333333333307;2,7056091712688883;3,6791666666666631;-76;-72,5;42,232162572564945;52;;;;;;;
final_results_TUMOR,xlsx/TUMOR_0#9_WORST_EVA;69;0,79031413953647633;0,79009700684874495;0,015678385447687928;0,020780079316481959;0,52683333333333304;0,52173913043478204;0,039320734409418405;0,055416666666666559;0,55377369305512369;0,55449961672787706;0,015092073431355692;0,0079710307926421642;0;0;0;0;-5,3949999999999969;-4,9833333333333307;2,7076258335155901;3,6791666666666631;-76;-72,5;42,232162572564945;52;;;;;;;
final_results_TUMOR,xlsx/TUMOR_0#9_WORST_EVA;70;0,79022642023823075;0,78965841035751705;0,015663743531336045;0,020780079316481959;0,52683333333333304;0,52173913043478204;0,039320734409418405;0,055416666666666559;0,55390067718210778;0,55449961672787706;0,014911455732226945;0,0079710307926421642;0;0;0;0;-5,3983333333333299;-4,9833333333333307;2,711685389996596;3,6791666666666631;-76;-72,5;42,232162572564945;52;;;;;;;
final_results_TUMOR,xlsx/TUMOR_0#9_WORST_EVA;71;0,79022739571203227;0,78924174369085054;0,015499616880100949;0,021029173519380717;0,52683333333333304;0,52173913043478204;0,039320734409418405;0,055416666666666559;0,5538760740075046;0,55449961672787706;0,015041866488530724;0,0072626974593092974;0;0;0;0;-5,2349999999999977;-4,9833333333333307;2,6038960600143048;2,9624999999999972;-70,200000000000003;-70,5;38,244244301884457;14,5;;;;;;;
final_results_TUMOR,xlsx/TUMOR_0#9_WORST_EVA;72;0,78991008068533519;0,78845227000664009;0,015611262191564173;0,022224825693293204;0,52683333333333304;0,52173913043478204;0,039320734409418405;0,055416666666666559;0,55351788687300174;0,55449961672787706;0,015614171660333654;0,0072626974593092974;0;0;0;0;-5,2366666666666637;-4,9833333333333307;2,6061631606162123;2,9624999999999972;-70,200000000000003;-70,5;38,244244301884457;14,5;;;;;;;
final_results_TUMOR,xlsx/TUMOR_0#9_WORST_EVA;73;0,7896505777613585;0,78764086649786802;0,015356818128735145;0,021557042624967493;0,52683333333333304;0,52173913043478204;0,039320734409418405;0,055416666666666559;0,55325649970944069;0,55449961672787706;0,015713163244074225;0,0073418272430425535;0;0;0;0;-5,2399999999999967;-4,9833333333333307;2,6107233754670127;2,9624999999999972;-70,200000000000003;-70,5;38,244244301884457;14,5;;;;;;;
final_results_TUMOR,xlsx/TUMOR_0#9_WORST_EVA;74;0,7898119025476833;0,78764086649786802;0,01582201905884913;0,020904312872780051;0,52683333333333304;0,52173913043478204;0,039320734409418405;0,055416666666666559;0,55340531056042541;0,55491924058228359;0,015515268420620386;0,0078058427198459679;0;0;0;0;-5,3116666666666639;-4,9833333333333307;2,5748672505635493;2,4250000000000025;-70,200000000000003;-70,5;38,244244301884457;14,5;;;;;;;
final_results_TUMOR,xlsx/TUMOR_0#9_WORST_EVA;75;0,78940428352955694;0,78600875431321948;0,015980795035997516;0,021304953898421908;0,52266666666666628;0,52173913043478204;0,034591662542569158;0,041666666666665964;0,55360384270460972;0,55491924058228359;0,014802349475936715;0,0085165450609829829;0;0;0;0;-5,1399999999999952;-4,9833333333333307;2,5227263323928262;1,4666666666666659;-63,200000000000003;-66;32,696584938899456;14,25;;;;;;;
final_results_TUMOR,xlsx/TUMOR_0#9_WORST_EVA;76;0,78939909029284216;0,78600875431321948;0,016255844693615885;0,022052236507117295;0,52266666666666628;0,52173913043478204;0,034591662542569158;0,041666666666665964;0,55359288530452189;0,55491924058228359;0,015042851104584224;0,00875559005738058;0;0;0;0;-4,9749999999999961;-4,8583333333333307;2,5030999299387284;0,84999999999999432;-63,200000000000003;-66;32,696584938899456;14,25;;;;;;;
final_results_TUMOR,xlsx/TUMOR_0#9_WORST_EVA;77;0,78949631251506436;0,78600875431321948;0,016126187833472101;0,022052236507117295;0,52266666666666628;0,52173913043478204;0,034591662542569158;0,041666666666665964;0,55369554230935281;0,55543252560643852;0,015055339365303908;0,00875559005738058;0;0;0;0;-4,9699999999999962;-4,8583333333333307;2,4937551633660489;0,84999999999999432;-63,200000000000003;-66;32,696584938899456;14,25;;;;;;;
final_results_TUMOR,xlsx/TUMOR_0#9_WORST_EVA;78;0,78949631251506436;0,78600875431321948;0,016126187833472101;0,022052236507117295;0,52266666666666628;0,52173913043478204;0,034591662542569158;0,041666666666665964;0,55369554230935281;0,55543252560643852;0,015055339365303908;0,00875559005738058;0;0;0;0;-5,0216666666666629;-4,8583333333333307;2,431494104505894;0,84999999999999432;-63,600000000000001;-66;32,225593693350149;14,25;;;;;;;
final_results_TUMOR,xlsx/TUMOR_0#9_WORST_EVA;79;0,7895103476027836;0,78574559641848252;0,01619953279405905;0,022552236507117462;0,52266666666666628;0,52173913043478204;0,034591662542569158;0,041666666666665964;0,55415614836995897;0,55543252560643852;0,014719560369297766;0,00875559005738058;0;0;0;0;-5,0033333333333285;-4,8583333333333307;2,4016044019995682;0,84999999999999432;-63,600000000000001;-66;32,225593693350149;14,25;;;;;;;
final_results_TUMOR,xlsx/TUMOR_0#9_WORST_EVA;80;0,7894693219617579;0,78574559641848252;0,016158891225271827;0,022244544199424787;0,52266666666666628;0,52173913043478204;0,034591662542569158;0,041666666666665964;0,55411512272893337;0,55543252560643852;0,014662440630672565;0,00875559005738058;0;0;0;0;-5,0033333333333285;-4,8583333333333307;2,4016044019995682;0,84999999999999432;-63,600000000000001;-66;32,225593693350149;14,25;;;;;;;
final_results_TUMOR,xlsx/TUMOR_0#9_WORST_EVA;81;0,78940555384581568;0,78574559641848252;0,016248061649346116;0,022244544199424787;0,52266666666666628;0,52173913043478204;0,034591662542569158;0,041666666666665964;0,55405135461299138;0,55543252560643852;0,014689722014761541;0,0092338509269455082;0;0;0;0;-5,0949999999999962;-4,8583333333333307;2,4238023643099624;1,4874999999999972;-63,600000000000001;-66;32,225593693350149;14,25;;;;;;;
final_results_TUMOR,xlsx/TUMOR_0#9_WORST_EVA;82;0,78953019152697523;0,785630211803098;0,016137701448475306;0,021136684667651839;0,52266666666666628;0,52173913043478204;0,034591662542569158;0,041666666666665964;0,55420893037056707;0,55543252560643852;0,014361298358022292;0,0092338509269455082;0;0;0;0;-5,2566666666666597;-4,8583333333333307;2,7106238177735875;1,4874999999999972;-63,600000000000001;-66;32,225593693350149;14,25;;;;;;;
final_results_TUMOR,xlsx/TUMOR_0#9_WORST_EVA;83;0,78936751346429734;0,785630211803098;0,0163716720361471;0,021136684667651839;0,52266666666666628;0,52173913043478204;0,034591662542569158;0,041666666666665964;0,55474598775762451;0,5551654315893445;0,014200156866058874;0,0061255035577284511;0;0;0;0;-5,1699999999999928;-4,8583333333333307;2,5831696483387878;1,4874999999999972;-63,600000000000001;-66;32,225593693350149;14,25;;;;;;;
final_results_TUMOR,xlsx/TUMOR_0#9_WORST_EVA;84;0,7895286245754084;0,78596354513643152;0,016317315091858006;0,020900573556540847;0,52266666666666628;0,52173913043478204;0,034591662542569158;0,041666666666665964;0,55493487664651342;0,55563765381156704;0,014183159575779817;0,0054171702243955844;0;0;0;0;-5,1699999999999928;-4,8583333333333307;2,5831696483387878;1,4874999999999972;-63,600000000000001;-66;32,225593693350149;14,25;;;;;;;
final_results_TUMOR,xlsx/TUMOR_0#9_WORST_EVA;85;0,7894752057719896;0,78596354513643152;0,016428265025202934;0,021916599197567277;0,52266666666666628;0,52173913043478204;0,034591662542569158;0,041666666666665964;0,55488145784309451;0,55563765381156704;0,014442486874468021;0,0054171702243955844;0;0;0;0;-5,159999999999993;-4,8583333333333307;2,5831624794158223;1,4624999999999968;-63;-63;32,169688977186098;14,25;;;;;;;
final_results_TUMOR,xlsx/TUMOR_0#9_WORST_EVA;86;0,78963909466087856;0,78596354513643152;0,016851867503021662;0,02141659919756711;0,52266666666666628;0,52173913043478204;0,034591662542569158;0,041666666666665964;0,55502855929236994;0,55563765381156704;0,014398650465458296;0,0072287644272948093;0;0;0;0;-5,159999999999993;-4,8583333333333307;2,5831624794158223;1,4624999999999968;-63;-63;32,169688977186098;14,25;;;;;;;
final_results_TUMOR,xlsx/TUMOR_0#9_WORST_EVA;87;0,7897096074813913;0,78631610923899542;0,016832214121702747;0,02141659919756711;0,52266666666666628;0,52173913043478204;0,034591662542569158;0,041666666666665964;0,55541317467698537;0,55608639026030304;0,014369668404178743;0,005643592352991722;0;0;0;0;-5,1933333333333263;-5,0916666666666597;2,6063929002775588;1,4916666666666645;-63;-63;32,169688977186098;14,25;;;;;;;
final_results_TUMOR,xlsx/TUMOR_0#9_WORST_EVA;88;0,78990670893066661;0,78730161648537256;0,016806269397870225;0,02141659919756711;0,52266666666666628;0,52173913043478204;0,034591662542569158;0,041666666666665964;0,55561027612626068;0,55608639026030304;0,014126972010371467;0,005643592352991722;0;0;0;0;-5,0966666666666622;-5,0916666666666597;2,4158402162844466;1,4916666666666645;-63;-63;32,169688977186098;14,25;;;;;;;
final_results_TUMOR,xlsx/TUMOR_0#9_WORST_EVA;89;0,78999217901613672;0,78730161648537256;0,016696980388592492;0,02141659919756711;0,52266666666666628;0,52173913043478204;0,034591662542569158;0,041666666666665964;0,55569574621173068;0,55614705262531294;0,014127276564204806;0,0054602483218217923;0;0;0;0;-5,0966666666666622;-5,0916666666666597;2,4158402162844466;1,4916666666666645;-63;-63;32,169688977186098;14,25;;;;;;;
final_results_TUMOR,xlsx/TUMOR_0#9_WORST_EVA;90;0,79016105026834138;0,78730161648537256;0,01629404157942576;0,02141659919756711;0,52266666666666628;0,52173913043478204;0,034591662542569158;0,041666666666665964;0,55606625903224338;0,55614705262531294;0,014495961776951923;0,0037647355013087358;0;0;0;0;-5,148333333333329;-5,0916666666666597;2,3549324385475381;1,4916666666666645;-63;-63;32,169688977186098;14,25;;;;;;;
final_results_TUMOR,xlsx/TUMOR_0#9_WORST_EVA;91;0,79016105026834138;0,78730161648537256;0,01629404157942576;0,02141659919756711;0,52266666666666628;0,52173913043478204;0,034591662542569158;0,041666666666665964;0,55606625903224338;0,55614705262531294;0,014495961776951923;0,0037647355013087358;0;0;0;0;-5,148333333333329;-5,0916666666666597;2,3549324385475381;1,4916666666666645;-63;-63;32,169688977186098;14,25;;;;;;;
final_results_TUMOR,xlsx/TUMOR_0#9_WORST_EVA;92;0,79010581959907566;0,78730161648537256;0,016340788388502846;0,021830829217059811;0,52266666666666628;0,52173913043478204;0,034591662542569158;0,041666666666665964;0,55647936444534873;0,55614705262531294;0,013597987849857043;0,0037647355013087358;0;0;0;0;-5,2533333333333285;-5,149999999999995;2,3766716014701244;1,7916666666666625;-63;-63;32,169688977186098;14,25;;;;;;;
final_results_TUMOR,xlsx/TUMOR_0#9_WORST_EVA;93;0,78990871814980035;0,78730161648537256;0,015924293127191704;0,021830829217059811;0,52266666666666628;0,52173913043478204;0,034591662542569158;0,041666666666665964;0,55628226299607342;0,55614705262531294;0,01355330855018894;0,0022864746317432516;0;0;0;0;-5,2533333333333285;-5,149999999999995;2,3766716014701244;1,7916666666666625;-63;-63;32,169688977186098;14,25;;;;;;;
final_results_TUMOR,xlsx/TUMOR_0#9_WORST_EVA;94;0,78990871814980035;0,78730161648537256;0,015924293127191704;0,021830829217059811;0,52266666666666628;0,52173913043478204;0,034591662542569158;0,041666666666665964;0,55628226299607342;0,55614705262531294;0,01355330855018894;0,0022864746317432516;0;0;0;0;-5,148333333333329;-5,0916666666666597;2,3549324385475381;1,4916666666666645;-63;-63;32,169688977186098;14,25;;;;;;;
final_results_TUMOR,xlsx/TUMOR_0#9_WORST_EVA;95;0,78997538481646701;0,78730161648537256;0,015837957628213186;0,021830829217059811;0,52266666666666628;0,52173913043478204;0,034591662542569158;0,041666666666665964;0,55637670744051793;0,55661927484753548;0,013555386541077538;0,0022864746317432516;0;0;0;0;-5,0699999999999958;-5,0916666666666597;2,2497434696009986;1,4916666666666645;-63;-63;32,169688977186098;14,25;;;;;;;
final_results_TUMOR,xlsx/TUMOR_0#9_WORST_EVA;96;0,78991415293240919;0,78730161648537256;0,015895944697797693;0,021516297064485768;0,51849999999999974;0,52173913043478204;0,028433533609250224;0,041666666666665964;0,55628226299607353;0,55661927484753548;0,013220745503311657;0,003056402167975647;0;0;0;0;-5,0699999999999958;-5,0916666666666597;2,2497434696009986;1,4916666666666645;-63;-63;32,169688977186098;14,25;;;;;;;
final_results_TUMOR,xlsx/TUMOR_0#9_WORST_EVA;97;0,79012141788967416;0,78730161648537256;0,01609356123591919;0,022397707320896298;0,51849999999999974;0,52173913043478204;0,028433533609250224;0,041666666666665964;0,55647115188496232;0,55661927484753548;0,01351139887921962;0,003056402167975647;0;0;0;0;-4,9499999999999966;-5,0916666666666597;2,3260866304472998;2,3916666666666644;-59,799999999999997;-63;32,761088029686817;26,25;;;;;;;
final_results_TUMOR,xlsx/TUMOR_0#9_WORST_EVA;98;0,79008808455634072;0,78730161648537256;0,016141609514074853;0,022397707320896298;0,51849999999999974;0,52173913043478204;0,028433533609250224;0,041666666666665964;0,5569155963294069;0,55761458308197454;0,013561137259763817;0,003961736343130573;0;0;0;0;-4,9433333333333298;-5,0916666666666597;2,3227298753996486;2,3416666666666619;-59,799999999999997;-63;32,761088029686817;26,25;;;;;;;
final_results_TUMOR,xlsx/TUMOR_0#9_WORST_EVA;99;0,79008808455634072;0,78730161648537256;0,016141609514074853;0,022397707320896298;0,51849999999999974;0,52173913043478204;0,028433533609250224;0,041666666666665964;0,5569155963294069;0,55761458308197454;0,013561137259763817;0,003961736343130573;0;0;0;0;-4,8433333333333293;-4,7666666666666604;2,330371135598281;2,3708333333333269;-59,799999999999997;-63;32,761088029686817;26,25;;;;;;;
final_results_TUMOR,xlsx/TUMOR_0#9_WORST_EVA;100;0,78976312063137688;0,78636819168004357;0,016253178324939766;0,022743404730641736;0,50978787878787846;0,51086956521739102;0,033450911599073804;0,052989130434782261;0,55686624568005627;0,55790817757122091;0,013591869237855585;0,0052230941479662896;0;0;0;0;-4,7383333333333288;-4,774999999999995;2,3854244905257436;2,6374999999999944;-55,399999999999999;-60;32,850503124846597;26,75;;;;;;;
